-- phpMyAdmin SQL Dump
-- version 5.2.1
-- https://www.phpmyadmin.net/
--
-- Host: 127.0.0.1
-- Generation Time: Apr 25, 2026 at 01:49 AM
-- Server version: 10.4.32-MariaDB
-- PHP Version: 8.2.12

SET SQL_MODE = "NO_AUTO_VALUE_ON_ZERO";
START TRANSACTION;
SET time_zone = "+00:00";


/*!40101 SET @OLD_CHARACTER_SET_CLIENT=@@CHARACTER_SET_CLIENT */;
/*!40101 SET @OLD_CHARACTER_SET_RESULTS=@@CHARACTER_SET_RESULTS */;
/*!40101 SET @OLD_COLLATION_CONNECTION=@@COLLATION_CONNECTION */;
/*!40101 SET NAMES utf8mb4 */;

--
-- Database: `scanvd`
--

-- --------------------------------------------------------

--
-- Table structure for table `object_detections`
--

CREATE TABLE `object_detections` (
  `id` int(11) NOT NULL,
  `video_id` varchar(36) NOT NULL,
  `frame_number` int(11) NOT NULL,
  `timestamp` float NOT NULL,
  `object_class` varchar(100) NOT NULL,
  `confidence` float NOT NULL,
  `bbox_x` float DEFAULT NULL,
  `bbox_y` float DEFAULT NULL,
  `bbox_width` float DEFAULT NULL,
  `bbox_height` float DEFAULT NULL
) ENGINE=InnoDB DEFAULT CHARSET=utf8mb4 COLLATE=utf8mb4_general_ci;

--
-- Dumping data for table `object_detections`
--

INSERT INTO `object_detections` (`id`, `video_id`, `frame_number`, `timestamp`, `object_class`, `confidence`, `bbox_x`, `bbox_y`, `bbox_width`, `bbox_height`) VALUES
(937, '742a340a-6489-4605-987c-cc39fd5daa01', 0, 0, 'person', 0.953118, 882.946, 115.574, 935.868, 950.653),
(938, '742a340a-6489-4605-987c-cc39fd5daa01', 0, 0, 'person', 0.944074, 1.89981, 2.32672, 946.455, 1062.38),
(939, '742a340a-6489-4605-987c-cc39fd5daa01', 30, 1, 'person', 0.940705, 933.201, 108.273, 866.912, 960.153),
(940, '742a340a-6489-4605-987c-cc39fd5daa01', 30, 1, 'person', 0.935869, 1.51758, 2.51358, 946.278, 1061.16),
(941, '742a340a-6489-4605-987c-cc39fd5daa01', 30, 1, 'chair', 0.557789, 769.734, 511.159, 270.508, 326.697),
(942, '742a340a-6489-4605-987c-cc39fd5daa01', 60, 2, 'person', 0.941528, 4.81091, 2.97208, 866.498, 1061.38),
(943, '742a340a-6489-4605-987c-cc39fd5daa01', 60, 2, 'person', 0.905113, 980.249, 112.115, 857.091, 957.241),
(944, '742a340a-6489-4605-987c-cc39fd5daa01', 60, 2, 'chair', 0.697447, 752.383, 512.949, 296.496, 328.449),
(945, '742a340a-6489-4605-987c-cc39fd5daa01', 90, 3, 'person', 0.940883, 835.839, 129.079, 1043.63, 937.889),
(946, '742a340a-6489-4605-987c-cc39fd5daa01', 90, 3, 'person', 0.911589, 5.51935, 3.43066, 948.888, 1059.81),
(947, '742a340a-6489-4605-987c-cc39fd5daa01', 120, 4, 'person', 0.940285, 829.5, 141.518, 1028.32, 924.853),
(948, '742a340a-6489-4605-987c-cc39fd5daa01', 120, 4, 'person', 0.91026, 2.10425, 3.81903, 934.22, 1060.16),
(949, '742a340a-6489-4605-987c-cc39fd5daa01', 150, 5, 'person', 0.942055, 779.261, 132.079, 1020.11, 932.995),
(950, '742a340a-6489-4605-987c-cc39fd5daa01', 150, 5, 'person', 0.898862, 4.61407, 7.40854, 885.372, 1054.51),
(951, '742a340a-6489-4605-987c-cc39fd5daa01', 180, 6, 'person', 0.906152, 842.889, 123.201, 1067.72, 940.839),
(952, '742a340a-6489-4605-987c-cc39fd5daa01', 180, 6, 'person', 0.888571, 4.44379, 3.94418, 925.383, 1058.98),
(953, '742a340a-6489-4605-987c-cc39fd5daa01', 210, 7, 'person', 0.938124, 2.38577, 3.36896, 1073.9, 1058.68),
(954, '742a340a-6489-4605-987c-cc39fd5daa01', 210, 7, 'person', 0.693692, 1201.28, 650.875, 716.96, 415.375),
(955, '742a340a-6489-4605-987c-cc39fd5daa01', 240, 8, 'person', 0.935324, 2.04044, 4.41669, 1069.17, 1057.92),
(956, '742a340a-6489-4605-987c-cc39fd5daa01', 240, 8, 'person', 0.720604, 1138.7, 638.288, 780.609, 430.583),
(957, '742a340a-6489-4605-987c-cc39fd5daa01', 270, 9, 'person', 0.941098, 1.72357, 4.07172, 1042.62, 1058.15),
(958, '742a340a-6489-4605-987c-cc39fd5daa01', 270, 9, 'person', 0.604168, 1056.53, 429.932, 860.849, 636.561),
(959, '742a340a-6489-4605-987c-cc39fd5daa01', 300, 10, 'person', 0.789109, 2.50937, 2.09619, 1082.58, 1061.35),
(960, '742a340a-6489-4605-987c-cc39fd5daa01', 300, 10, 'person', 0.615898, 1023.46, 655.864, 893.303, 411.851),
(961, '742a340a-6489-4605-987c-cc39fd5daa01', 330, 11, 'person', 0.930106, 1.56363, 171.598, 753.376, 893.956),
(962, '742a340a-6489-4605-987c-cc39fd5daa01', 330, 11, 'person', 0.884977, 984.133, 373.538, 850.895, 692.767),
(963, '742a340a-6489-4605-987c-cc39fd5daa01', 330, 11, 'person', 0.843016, 748.495, 348.226, 374.41, 723.325),
(964, '742a340a-6489-4605-987c-cc39fd5daa01', 360, 12, 'person', 0.869877, 45.0051, 190.454, 759.004, 875.068),
(965, '742a340a-6489-4605-987c-cc39fd5daa01', 360, 12, 'person', 0.691165, 1073, 271.807, 445.295, 791.145),
(966, '742a340a-6489-4605-987c-cc39fd5daa01', 390, 13, 'person', 0.90636, 2.30402, 5.85782, 1910.79, 1063.48),
(967, '742a340a-6489-4605-987c-cc39fd5daa01', 390, 13, 'person', 0.88048, 244.296, 289.363, 278.761, 345.925),
(968, '742a340a-6489-4605-987c-cc39fd5daa01', 390, 13, 'person', 0.520794, 1665.6, 347.918, 123.062, 222.961),
(969, '742a340a-6489-4605-987c-cc39fd5daa01', 420, 14, 'person', 0.918709, 22.7704, 4.71048, 1870.64, 1062.65),
(970, '742a340a-6489-4605-987c-cc39fd5daa01', 450, 15, 'person', 0.943378, 3.83734, 5.49197, 1909.53, 1062.98),
(971, '742a340a-6489-4605-987c-cc39fd5daa01', 690, 23, 'person', 0.569219, 0.0995121, 566.178, 79.0625, 201.27),
(972, '742a340a-6489-4605-987c-cc39fd5daa01', 720, 24, 'person', 0.936525, 930.692, 38.6962, 986.434, 748.93),
(973, '742a340a-6489-4605-987c-cc39fd5daa01', 720, 24, 'person', 0.728016, 0.132151, 558.336, 89.7689, 207.367),
(974, '742a340a-6489-4605-987c-cc39fd5daa01', 750, 25, 'person', 0.902216, 1220.31, 41.1801, 613.629, 752.71),
(975, '742a340a-6489-4605-987c-cc39fd5daa01', 750, 25, 'person', 0.790744, 0.373432, 558.734, 112.568, 188.338),
(976, '742a340a-6489-4605-987c-cc39fd5daa01', 780, 26, 'person', 0.908238, 1397.39, 1.42106, 474.148, 761.442),
(977, '742a340a-6489-4605-987c-cc39fd5daa01', 780, 26, 'skateboard', 0.708194, 1705.87, 649.212, 93.5043, 134.053),
(978, '742a340a-6489-4605-987c-cc39fd5daa01', 780, 26, 'person', 0.624646, 0.449112, 568.89, 135.945, 165.566),
(979, '742a340a-6489-4605-987c-cc39fd5daa01', 810, 27, 'person', 0.961773, 1097.14, 39.4365, 820.11, 742.41),
(980, '742a340a-6489-4605-987c-cc39fd5daa01', 810, 27, 'person', 0.859166, 0.388275, 565.437, 154.591, 162.057),
(981, '742a340a-6489-4605-987c-cc39fd5daa01', 840, 28, 'person', 0.944279, 1380.24, 124.257, 539.241, 650.464),
(982, '742a340a-6489-4605-987c-cc39fd5daa01', 840, 28, 'person', 0.861088, 96.213, 550.258, 128.872, 209.297),
(983, '742a340a-6489-4605-987c-cc39fd5daa01', 870, 29, 'person', 0.939131, 1286.15, 92.5928, 466.627, 681.465),
(984, '742a340a-6489-4605-987c-cc39fd5daa01', 870, 29, 'person', 0.849863, 137.526, 563.592, 200.624, 196.898),
(985, '742a340a-6489-4605-987c-cc39fd5daa01', 900, 30, 'person', 0.776309, 0.678589, 531.865, 274.951, 250.513),
(986, '742a340a-6489-4605-987c-cc39fd5daa01', 930, 31, 'person', 0.846717, 210.08, 519.116, 120.058, 267.92),
(987, '742a340a-6489-4605-987c-cc39fd5daa01', 960, 32, 'person', 0.846685, 172.144, 485.006, 113.914, 315.168),
(988, '742a340a-6489-4605-987c-cc39fd5daa01', 990, 33, 'person', 0.879282, 103.352, 519.955, 186.178, 283.132),
(989, '742a340a-6489-4605-987c-cc39fd5daa01', 1020, 34, 'person', 0.913257, 822.651, 326.395, 546.028, 407.062),
(990, '742a340a-6489-4605-987c-cc39fd5daa01', 1020, 34, 'person', 0.704921, 1024.66, 261.456, 183.014, 261.838),
(991, '742a340a-6489-4605-987c-cc39fd5daa01', 1080, 36, 'tennis racket', 0.718498, 1738.86, 425.746, 180.183, 115.714),
(992, '742a340a-6489-4605-987c-cc39fd5daa01', 1080, 36, 'sports ball', 0.696465, 905.114, 462.159, 48.9152, 31.3079),
(993, '742a340a-6489-4605-987c-cc39fd5daa01', 1110, 37, 'person', 0.874954, 605.463, 399.599, 270.87, 450.3),
(994, '742a340a-6489-4605-987c-cc39fd5daa01', 1110, 37, 'person', 0.844439, 885.298, 393.209, 383.666, 444.933),
(995, '742a340a-6489-4605-987c-cc39fd5daa01', 1140, 38, 'person', 0.841789, 322.031, 359.722, 549.518, 592.788),
(996, '742a340a-6489-4605-987c-cc39fd5daa01', 1170, 39, 'sports ball', 0.765098, 1100.39, 889.895, 194.034, 121.196),
(997, '742a340a-6489-4605-987c-cc39fd5daa01', 1170, 39, 'person', 0.71375, 417.414, 193.395, 696.921, 620.82),
(998, '742a340a-6489-4605-987c-cc39fd5daa01', 1200, 40, 'person', 0.935585, 996.352, 88.5186, 652.316, 980.153),
(999, '742a340a-6489-4605-987c-cc39fd5daa01', 1200, 40, 'sports ball', 0.709168, 1192, 493.568, 171.899, 107.358),
(1000, '742a340a-6489-4605-987c-cc39fd5daa01', 1230, 41, 'person', 0.949869, 1111.81, 64.6159, 806.404, 860.756),
(1001, '742a340a-6489-4605-987c-cc39fd5daa01', 1260, 42, 'person', 0.746767, 1.01926, 148.711, 407.032, 872.056),
(1002, '742a340a-6489-4605-987c-cc39fd5daa01', 1260, 42, 'person', 0.661185, 1774.87, 220.998, 143.952, 509.269),
(1003, '742a340a-6489-4605-987c-cc39fd5daa01', 1290, 43, 'person', 0.858634, 667.401, 255.47, 453.008, 811.845),
(1004, '742a340a-6489-4605-987c-cc39fd5daa01', 1320, 44, 'person', 0.836502, 535.999, 430.572, 313.605, 286.212),
(1005, '742a340a-6489-4605-987c-cc39fd5daa01', 1320, 44, 'sports ball', 0.656023, 806.061, 683.877, 63.837, 40.8041),
(1006, '742a340a-6489-4605-987c-cc39fd5daa01', 1380, 46, 'person', 0.940508, 1424.33, 86.2778, 494.212, 833.898),
(1007, '742a340a-6489-4605-987c-cc39fd5daa01', 1380, 46, 'person', 0.935739, 0.323044, 230.124, 282.463, 689.762),
(1008, '742a340a-6489-4605-987c-cc39fd5daa01', 1380, 46, 'person', 0.87614, 799.437, 573.39, 136.996, 139.545),
(1009, '742a340a-6489-4605-987c-cc39fd5daa01', 1380, 46, 'sports ball', 0.611145, 1126.03, 486.231, 66.512, 39.1437),
(1010, '742a340a-6489-4605-987c-cc39fd5daa01', 1410, 47, 'person', 0.90172, 968.356, 345.626, 426.974, 559.495),
(1011, '742a340a-6489-4605-987c-cc39fd5daa01', 1410, 47, 'person', 0.73966, 884.879, 344.253, 83.4456, 178.029),
(1012, '742a340a-6489-4605-987c-cc39fd5daa01', 1410, 47, 'sports ball', 0.723946, 1188.38, 847.66, 136.092, 86.4646),
(1013, '742a340a-6489-4605-987c-cc39fd5daa01', 1410, 47, 'person', 0.516288, 871.141, 372.702, 38.9055, 147.667),
(1014, '742a340a-6489-4605-987c-cc39fd5daa01', 1440, 48, 'person', 0.673631, 1180.03, 394.865, 599.647, 425.292),
(1015, '742a340a-6489-4605-987c-cc39fd5daa01', 1470, 49, 'person', 0.909859, 224.929, 308.798, 841.101, 650.201),
(1016, '742a340a-6489-4605-987c-cc39fd5daa01', 1470, 49, 'sports ball', 0.602029, 1084.2, 855.335, 145.701, 92.0482),
(1017, '742a340a-6489-4605-987c-cc39fd5daa01', 1500, 50, 'person', 0.752934, 772.832, 349.633, 517.566, 413.019),
(1018, '742a340a-6489-4605-987c-cc39fd5daa01', 1530, 51, 'person', 0.816061, 1412.64, 371.487, 229.764, 251.5),
(1019, '742a340a-6489-4605-987c-cc39fd5daa01', 1530, 51, 'person', 0.697666, 0.0793476, 544.87, 76.1638, 99.8939),
(1020, '742a340a-6489-4605-987c-cc39fd5daa01', 1560, 52, 'person', 0.934819, 1016.29, 164.052, 677.75, 704.602),
(1021, '742a340a-6489-4605-987c-cc39fd5daa01', 1560, 52, 'sports ball', 0.727519, 1324.29, 661.157, 151.072, 95.4375),
(1022, '742a340a-6489-4605-987c-cc39fd5daa01', 1620, 54, 'person', 0.891221, 641.256, 222.447, 504.295, 566.419),
(1023, '742a340a-6489-4605-987c-cc39fd5daa01', 1620, 54, 'person', 0.890402, 881.987, 357.312, 700.521, 524.837),
(1024, '742a340a-6489-4605-987c-cc39fd5daa01', 1620, 54, 'person', 0.628228, 191.971, 313.539, 82.2829, 77.8952),
(1025, '742a340a-6489-4605-987c-cc39fd5daa01', 1620, 54, 'frisbee', 0.517428, 1483.44, 833.612, 196.159, 63.945),
(1026, '742a340a-6489-4605-987c-cc39fd5daa01', 1650, 55, 'person', 0.951242, 921.829, 286.638, 996.747, 785.577),
(1027, '742a340a-6489-4605-987c-cc39fd5daa01', 1650, 55, 'person', 0.829033, 33.801, 182.905, 92.3882, 153.843),
(1028, '742a340a-6489-4605-987c-cc39fd5daa01', 1680, 56, 'person', 0.918078, 976.099, 317.65, 293.276, 401.107),
(1029, '742a340a-6489-4605-987c-cc39fd5daa01', 1680, 56, 'person', 0.872254, 526.286, 329.29, 274.437, 395.467),
(1030, '742a340a-6489-4605-987c-cc39fd5daa01', 1710, 57, 'person', 0.88785, 947.542, 363.298, 310.726, 413.722),
(1031, '742a340a-6489-4605-987c-cc39fd5daa01', 1710, 57, 'person', 0.847835, 423.95, 371.137, 422.818, 394.822),
(1032, '742a340a-6489-4605-987c-cc39fd5daa01', 1740, 58, 'person', 0.894147, 1143.2, 259.956, 347.773, 474.076),
(1033, '742a340a-6489-4605-987c-cc39fd5daa01', 1740, 58, 'person', 0.740708, 466.372, 225.183, 438.601, 494.954),
(1034, '742a340a-6489-4605-987c-cc39fd5daa01', 1770, 59, 'person', 0.913042, 999.908, 129.27, 345.875, 517.246),
(1035, '742a340a-6489-4605-987c-cc39fd5daa01', 1770, 59, 'person', 0.877793, 270.541, 80.4857, 383.097, 594.154),
(1036, '742a340a-6489-4605-987c-cc39fd5daa01', 1770, 59, 'sports ball', 0.813841, 1222.97, 620.388, 123.429, 82.6874),
(1037, '742a340a-6489-4605-987c-cc39fd5daa01', 1770, 59, 'sports ball', 0.672345, 355.609, 609.853, 131.989, 83.4404),
(1038, '742a340a-6489-4605-987c-cc39fd5daa01', 1800, 60, 'person', 0.89629, 1080.2, 275.958, 356.195, 490.035),
(1039, '742a340a-6489-4605-987c-cc39fd5daa01', 1800, 60, 'person', 0.83935, 347.365, 202.496, 412.015, 572.741),
(1040, '7f4994d5-c870-488f-b8ef-a3e474cd2c85', 30, 1, 'person', 0.948777, 339.8, 221.772, 855.444, 709.922),
(1041, '7f4994d5-c870-488f-b8ef-a3e474cd2c85', 60, 2, 'person', 0.872132, 709.465, 410.741, 729.69, 530.652),
(1042, '7f4994d5-c870-488f-b8ef-a3e474cd2c85', 60, 2, 'person', 0.706582, 236.851, 132.7, 947.742, 800.652),
(1043, '7f4994d5-c870-488f-b8ef-a3e474cd2c85', 90, 3, 'person', 0.907496, 577.075, 157.163, 268.283, 700.411),
(1044, '7f4994d5-c870-488f-b8ef-a3e474cd2c85', 120, 4, 'person', 0.941439, 2.18944, 132.051, 794.628, 809.444),
(1045, '7f4994d5-c870-488f-b8ef-a3e474cd2c85', 150, 5, 'person', 0.911022, 364.688, 243.485, 816.122, 701.034),
(1046, '7f4994d5-c870-488f-b8ef-a3e474cd2c85', 180, 6, 'person', 0.942886, 456.237, 241.686, 483.411, 699.601),
(1047, '7f4994d5-c870-488f-b8ef-a3e474cd2c85', 210, 7, 'person', 0.840256, 842.207, 527.86, 96.1809, 132.031),
(1048, '7f4994d5-c870-488f-b8ef-a3e474cd2c85', 210, 7, 'person', 0.805596, 986.923, 547.821, 52.9962, 153.644),
(1049, '7f4994d5-c870-488f-b8ef-a3e474cd2c85', 210, 7, 'person', 0.737819, 749.721, 520.522, 84.582, 144.108),
(1050, '7f4994d5-c870-488f-b8ef-a3e474cd2c85', 210, 7, 'person', 0.721118, 577.773, 480.738, 73.6908, 127.318),
(1051, '7f4994d5-c870-488f-b8ef-a3e474cd2c85', 210, 7, 'person', 0.635667, 137.757, 519.84, 66.2606, 143.812),
(1052, '7f4994d5-c870-488f-b8ef-a3e474cd2c85', 210, 7, 'person', 0.58128, 1092.35, 299.283, 46.7893, 136.332),
(1053, '7f4994d5-c870-488f-b8ef-a3e474cd2c85', 210, 7, 'person', 0.551925, 76.4767, 333.963, 44.8926, 114.78),
(1054, '7f4994d5-c870-488f-b8ef-a3e474cd2c85', 210, 7, 'person', 0.531789, 207.26, 465.78, 42.4566, 106.512),
(1055, '7f4994d5-c870-488f-b8ef-a3e474cd2c85', 240, 8, 'person', 0.833033, 697.121, 556.375, 63.0356, 139.068),
(1056, '7f4994d5-c870-488f-b8ef-a3e474cd2c85', 240, 8, 'person', 0.810583, 1364.42, 530.728, 71.9231, 124.221),
(1057, '7f4994d5-c870-488f-b8ef-a3e474cd2c85', 240, 8, 'person', 0.788035, 154.846, 479.9, 72.0846, 128.737),
(1058, '7f4994d5-c870-488f-b8ef-a3e474cd2c85', 240, 8, 'person', 0.698009, 364.013, 509.476, 81.9414, 117.553),
(1059, '7f4994d5-c870-488f-b8ef-a3e474cd2c85', 240, 8, 'person', 0.656688, 543.671, 544.665, 42.6409, 148.244),
(1060, '7f4994d5-c870-488f-b8ef-a3e474cd2c85', 240, 8, 'person', 0.648773, 682.365, 323.561, 52.4667, 117.218),
(1061, '7f4994d5-c870-488f-b8ef-a3e474cd2c85', 240, 8, 'person', 0.614805, 481.386, 510.592, 65.7602, 110.894),
(1062, '7f4994d5-c870-488f-b8ef-a3e474cd2c85', 270, 9, 'person', 0.8207, 950.299, 543.591, 50.9458, 125.613),
(1063, '7f4994d5-c870-488f-b8ef-a3e474cd2c85', 270, 9, 'person', 0.708792, 92.7995, 497.584, 78.4807, 152.934),
(1064, '7f4994d5-c870-488f-b8ef-a3e474cd2c85', 270, 9, 'person', 0.653373, 163.681, 487.114, 50.0411, 127.619),
(1065, '7f4994d5-c870-488f-b8ef-a3e474cd2c85', 270, 9, 'person', 0.648561, 424.38, 559.42, 50.953, 143.019),
(1066, '7f4994d5-c870-488f-b8ef-a3e474cd2c85', 270, 9, 'person', 0.560188, 378.848, 559.41, 53.2321, 140.503),
(1067, '7f4994d5-c870-488f-b8ef-a3e474cd2c85', 300, 10, 'person', 0.93395, 746.954, 130.401, 692.243, 811.052),
(1068, '7f4994d5-c870-488f-b8ef-a3e474cd2c85', 300, 10, 'person', 0.845617, 610.602, 319.112, 331.26, 622.789),
(1069, '7f4994d5-c870-488f-b8ef-a3e474cd2c85', 330, 11, 'person', 0.944172, 572.279, 413.57, 531.625, 475.189),
(1070, '7f4994d5-c870-488f-b8ef-a3e474cd2c85', 330, 11, 'person', 0.944002, 925.779, 342.471, 513.633, 596.052),
(1071, '7f4994d5-c870-488f-b8ef-a3e474cd2c85', 330, 11, 'sports ball', 0.635813, 1315.38, 900.914, 83.021, 42.733),
(1072, '7f4994d5-c870-488f-b8ef-a3e474cd2c85', 360, 12, 'person', 0.810665, 250.46, 687.946, 372.574, 256.052),
(1073, '7f4994d5-c870-488f-b8ef-a3e474cd2c85', 390, 13, 'person', 0.915829, 558.997, 511.049, 543.852, 430.611),
(1074, '7f4994d5-c870-488f-b8ef-a3e474cd2c85', 390, 13, 'person', 0.783019, 643.387, 238.421, 180.721, 466.271),
(1075, '7f4994d5-c870-488f-b8ef-a3e474cd2c85', 420, 14, 'person', 0.937831, 440.26, 408.648, 645.868, 527.62),
(1076, '7f4994d5-c870-488f-b8ef-a3e474cd2c85', 420, 14, 'person', 0.879046, 1085.33, 176.55, 157.913, 450.976),
(1077, '7f4994d5-c870-488f-b8ef-a3e474cd2c85', 420, 14, 'person', 0.830711, 1.46688, 138.14, 172.507, 399.116),
(1078, '7f4994d5-c870-488f-b8ef-a3e474cd2c85', 450, 15, 'person', 0.956406, 243.692, 134.161, 892.513, 804.747),
(1079, '7f4994d5-c870-488f-b8ef-a3e474cd2c85', 480, 16, 'person', 0.927194, 1014.93, 378.671, 421.305, 556.865),
(1080, '7f4994d5-c870-488f-b8ef-a3e474cd2c85', 480, 16, 'person', 0.824798, 347.595, 551.461, 653.748, 388.538),
(1081, '7f4994d5-c870-488f-b8ef-a3e474cd2c85', 510, 17, 'person', 0.887745, 371.541, 319.636, 300.597, 483.146),
(1082, '7f4994d5-c870-488f-b8ef-a3e474cd2c85', 510, 17, 'person', 0.879558, 89.3336, 321.297, 281.294, 499.22),
(1083, '7f4994d5-c870-488f-b8ef-a3e474cd2c85', 510, 17, 'sports ball', 0.855414, 493.835, 740.999, 93.4214, 82.2195),
(1084, '7f4994d5-c870-488f-b8ef-a3e474cd2c85', 510, 17, 'person', 0.816005, 1305.84, 431.672, 133.089, 122.71),
(1085, '7f4994d5-c870-488f-b8ef-a3e474cd2c85', 510, 17, 'chair', 0.805382, 41.346, 204.392, 123.254, 137.292),
(1086, '7f4994d5-c870-488f-b8ef-a3e474cd2c85', 510, 17, 'person', 0.765706, 1281.95, 140.546, 157.428, 281.486),
(1087, '7f4994d5-c870-488f-b8ef-a3e474cd2c85', 510, 17, 'person', 0.740891, 130.956, 162.692, 141.737, 179.849),
(1088, '7f4994d5-c870-488f-b8ef-a3e474cd2c85', 510, 17, 'person', 0.66308, 441.199, 146.61, 183.329, 203.531),
(1089, '7f4994d5-c870-488f-b8ef-a3e474cd2c85', 510, 17, 'person', 0.565641, 329.812, 149.745, 126.266, 175.232),
(1090, '7f4994d5-c870-488f-b8ef-a3e474cd2c85', 510, 17, 'person', 0.528485, 614.793, 139.198, 116.641, 274.918),
(1091, '7f4994d5-c870-488f-b8ef-a3e474cd2c85', 540, 18, 'sports ball', 0.919901, 866.751, 748.585, 90.2288, 82.17),
(1092, '7f4994d5-c870-488f-b8ef-a3e474cd2c85', 540, 18, 'person', 0.913078, 587.973, 233.814, 422.667, 581.285),
(1093, '7f4994d5-c870-488f-b8ef-a3e474cd2c85', 540, 18, 'person', 0.870502, 212.839, 188.441, 198.487, 576.453),
(1094, '7f4994d5-c870-488f-b8ef-a3e474cd2c85', 540, 18, 'person', 0.852541, 1217.28, 422.478, 137.76, 117.216),
(1095, '7f4994d5-c870-488f-b8ef-a3e474cd2c85', 540, 18, 'chair', 0.750493, 34.5763, 209.642, 114.487, 128.205),
(1096, '7f4994d5-c870-488f-b8ef-a3e474cd2c85', 540, 18, 'person', 0.732419, 110.719, 154.916, 140.175, 256.33),
(1097, '7f4994d5-c870-488f-b8ef-a3e474cd2c85', 540, 18, 'person', 0.724382, 1364.51, 430.282, 75.172, 108.621),
(1098, '7f4994d5-c870-488f-b8ef-a3e474cd2c85', 540, 18, 'person', 0.704524, 405.893, 162.237, 170.092, 253.304),
(1099, '7f4994d5-c870-488f-b8ef-a3e474cd2c85', 540, 18, 'person', 0.633416, 675.141, 137.914, 164.969, 174.226),
(1100, '7f4994d5-c870-488f-b8ef-a3e474cd2c85', 540, 18, 'person', 0.507209, 1217.26, 137.814, 173.199, 277.056),
(1101, '7f4994d5-c870-488f-b8ef-a3e474cd2c85', 570, 19, 'person', 0.922007, 141.895, 304.704, 705.939, 595.277),
(1102, '7f4994d5-c870-488f-b8ef-a3e474cd2c85', 570, 19, 'person', 0.913055, 753.279, 243.948, 576.542, 688.608),
(1103, '7f4994d5-c870-488f-b8ef-a3e474cd2c85', 570, 19, 'person', 0.854379, 715.596, 337.671, 394.967, 463.742),
(1104, '7f4994d5-c870-488f-b8ef-a3e474cd2c85', 570, 19, 'sports ball', 0.696465, 601.544, 725.99, 90.8663, 95.5629),
(1105, '7f4994d5-c870-488f-b8ef-a3e474cd2c85', 600, 20, 'person', 0.884239, 274.259, 166.861, 712.171, 768.76),
(1106, '7f4994d5-c870-488f-b8ef-a3e474cd2c85', 630, 21, 'person', 0.888578, 387.799, 136.565, 991.716, 798.705),
(1107, '7f4994d5-c870-488f-b8ef-a3e474cd2c85', 630, 21, 'person', 0.773041, 0.0949802, 455.591, 157.896, 383.315),
(1108, '7f4994d5-c870-488f-b8ef-a3e474cd2c85', 630, 21, 'chair', 0.517704, 1154.73, 457.915, 132.935, 97.0238),
(1109, '7f4994d5-c870-488f-b8ef-a3e474cd2c85', 660, 22, 'person', 0.862969, 662.703, 410.458, 165.737, 516.875),
(1110, '7f4994d5-c870-488f-b8ef-a3e474cd2c85', 660, 22, 'airplane', 0.658808, 2.8195, 163.405, 1411.45, 624.439),
(1111, '7f4994d5-c870-488f-b8ef-a3e474cd2c85', 660, 22, 'backpack', 0.516071, 677.2, 490.298, 138.742, 260.4),
(1112, '7f4994d5-c870-488f-b8ef-a3e474cd2c85', 690, 23, 'person', 0.877986, 671.973, 408.039, 159.059, 512.703),
(1113, '7f4994d5-c870-488f-b8ef-a3e474cd2c85', 720, 24, 'person', 0.880865, 672.626, 411.129, 159.25, 513.91),
(1114, '7f4994d5-c870-488f-b8ef-a3e474cd2c85', 750, 25, 'person', 0.954811, 2.54512, 235.067, 832.208, 708.279),
(1115, '7f4994d5-c870-488f-b8ef-a3e474cd2c85', 780, 26, 'person', 0.922959, 3.04802, 129.593, 855.553, 812.682),
(1116, '7f4994d5-c870-488f-b8ef-a3e474cd2c85', 810, 27, 'person', 0.927582, 2.12997, 128.842, 928.054, 814.712),
(1117, '7f4994d5-c870-488f-b8ef-a3e474cd2c85', 840, 28, 'person', 0.933908, 4.42962, 130.906, 809.363, 810.78),
(1118, '7f4994d5-c870-488f-b8ef-a3e474cd2c85', 870, 29, 'sports ball', 0.902556, 1256.76, 743.88, 98.2534, 89.056),
(1119, '7f4994d5-c870-488f-b8ef-a3e474cd2c85', 870, 29, 'person', 0.88983, 473.59, 129.387, 219.073, 542.612),
(1120, '7f4994d5-c870-488f-b8ef-a3e474cd2c85', 870, 29, 'person', 0.8849, 0.0645447, 519.482, 494.199, 339.525),
(1121, '7f4994d5-c870-488f-b8ef-a3e474cd2c85', 870, 29, 'person', 0.88149, 997.944, 200.391, 225.5, 486.894),
(1122, '7f4994d5-c870-488f-b8ef-a3e474cd2c85', 870, 29, 'person', 0.873253, 330.718, 460.512, 753.953, 394.027),
(1123, '7f4994d5-c870-488f-b8ef-a3e474cd2c85', 870, 29, 'person', 0.733488, 930.63, 183.346, 139.261, 314.432),
(1124, '7f4994d5-c870-488f-b8ef-a3e474cd2c85', 870, 29, 'person', 0.648467, 226.41, 327.694, 72.0535, 171.112),
(1125, '7f4994d5-c870-488f-b8ef-a3e474cd2c85', 900, 30, 'bottle', 0.511369, 456.417, 143.111, 409.402, 794.161),
(1126, '7f4994d5-c870-488f-b8ef-a3e474cd2c85', 930, 31, 'person', 0.757281, 92.7638, 407.206, 1034.41, 236.763),
(1127, '7f4994d5-c870-488f-b8ef-a3e474cd2c85', 960, 32, 'person', 0.818972, 0.440552, 136.498, 1004.87, 804.761),
(1128, '7f4994d5-c870-488f-b8ef-a3e474cd2c85', 990, 33, 'person', 0.894982, 765.797, 291.849, 363.79, 644.499),
(1129, '7f4994d5-c870-488f-b8ef-a3e474cd2c85', 1080, 36, 'person', 0.851475, 646.292, 358.262, 375.548, 438.083),
(1130, '7f4994d5-c870-488f-b8ef-a3e474cd2c85', 1080, 36, 'book', 0.635482, 7.37814, 132.131, 1428.06, 804.69),
(1131, '7f4994d5-c870-488f-b8ef-a3e474cd2c85', 1080, 36, 'tv', 0.546618, 1.24049, 123.215, 1433.84, 812.557),
(1132, '7f4994d5-c870-488f-b8ef-a3e474cd2c85', 1110, 37, 'person', 0.623986, 584.109, 292.874, 451.321, 475.286),
(1133, '7f4994d5-c870-488f-b8ef-a3e474cd2c85', 1140, 38, 'person', 0.858154, 599.423, 293.511, 278.801, 425.512),
(1134, '7f4994d5-c870-488f-b8ef-a3e474cd2c85', 1170, 39, 'person', 0.864703, 123.81, 492.15, 277.514, 431.28),
(1135, '7f4994d5-c870-488f-b8ef-a3e474cd2c85', 1170, 39, 'person', 0.812627, 0.0772562, 548.044, 86.0188, 394.6),
(1136, '7f4994d5-c870-488f-b8ef-a3e474cd2c85', 1170, 39, 'person', 0.732138, 404.673, 130.736, 1010.92, 801.653),
(1137, '7f4994d5-c870-488f-b8ef-a3e474cd2c85', 1170, 39, 'car', 0.70388, 319.975, 529.705, 179.133, 134.102),
(1138, '7f4994d5-c870-488f-b8ef-a3e474cd2c85', 1200, 40, 'person', 0.666825, 578.286, 138.622, 802.693, 794.676),
(1139, '7f4994d5-c870-488f-b8ef-a3e474cd2c85', 1230, 41, 'person', 0.767262, 964.461, 472.947, 199.07, 270.389),
(1140, '7f4994d5-c870-488f-b8ef-a3e474cd2c85', 1230, 41, 'person', 0.756531, 300.538, 167.965, 732.186, 583.113),
(1141, '7f4994d5-c870-488f-b8ef-a3e474cd2c85', 1230, 41, 'car', 0.608872, 3.8453, 506.48, 250.712, 101.482),
(1142, '7f4994d5-c870-488f-b8ef-a3e474cd2c85', 1230, 41, 'car', 0.528645, 836.717, 497.348, 172.308, 120.704),
(1143, '7f4994d5-c870-488f-b8ef-a3e474cd2c85', 1260, 42, 'person', 0.799735, 125.182, 129.537, 1195.17, 798.208),
(1144, '7f4994d5-c870-488f-b8ef-a3e474cd2c85', 1290, 43, 'person', 0.671302, 424.35, 190.327, 841.328, 741.101),
(1145, '7f4994d5-c870-488f-b8ef-a3e474cd2c85', 1290, 43, 'car', 0.571357, 34.264, 536.133, 258.833, 74.3979),
(1146, '7f4994d5-c870-488f-b8ef-a3e474cd2c85', 1320, 44, 'person', 0.862111, 439.851, 129.907, 762.104, 801.403),
(1147, '7f4994d5-c870-488f-b8ef-a3e474cd2c85', 1320, 44, 'car', 0.633353, 186.695, 515.538, 175.353, 72.2249),
(1148, '7f4994d5-c870-488f-b8ef-a3e474cd2c85', 1320, 44, 'car', 0.581257, 109.247, 522.686, 137.29, 67.8817),
(1149, '7f4994d5-c870-488f-b8ef-a3e474cd2c85', 1350, 45, 'person', 0.822538, 457.192, 126.215, 766.719, 812.463),
(1150, '7f4994d5-c870-488f-b8ef-a3e474cd2c85', 1350, 45, 'car', 0.718513, 63.9742, 523.341, 138.135, 67.1161),
(1151, '7f4994d5-c870-488f-b8ef-a3e474cd2c85', 1350, 45, 'car', 0.692095, 144.976, 515.714, 179.593, 73.0772),
(1152, '7f4994d5-c870-488f-b8ef-a3e474cd2c85', 1380, 46, 'car', 0.878786, 1296.97, 501.035, 142.333, 146.522),
(1153, '7f4994d5-c870-488f-b8ef-a3e474cd2c85', 1380, 46, 'person', 0.87175, 458.796, 127.904, 764.533, 809.539),
(1154, '7f4994d5-c870-488f-b8ef-a3e474cd2c85', 1380, 46, 'car', 0.825136, 474.385, 499.889, 126.614, 94.6909),
(1155, '7f4994d5-c870-488f-b8ef-a3e474cd2c85', 1380, 46, 'car', 0.792244, 1.89631, 508.869, 173.79, 73.4993),
(1156, '7f4994d5-c870-488f-b8ef-a3e474cd2c85', 1410, 47, 'car', 0.901508, 1181.38, 492.672, 222.686, 147.512),
(1157, '7f4994d5-c870-488f-b8ef-a3e474cd2c85', 1410, 47, 'person', 0.879222, 395.242, 125.911, 799.641, 813.051),
(1158, '7f4994d5-c870-488f-b8ef-a3e474cd2c85', 1410, 47, 'car', 0.818489, 0.161606, 507.817, 53.2837, 68.6131),
(1159, '7f4994d5-c870-488f-b8ef-a3e474cd2c85', 1410, 47, 'car', 0.733191, 440.275, 498.394, 130.933, 92.22),
(1160, '7f4994d5-c870-488f-b8ef-a3e474cd2c85', 1410, 47, 'car', 0.603963, 367.925, 497.867, 122.855, 91.7586),
(1161, '994e873a-e0ba-4ac2-8495-5ffdecd9bbfc', 0, 0, 'person', 0.79225, 0, 131.872, 160.106, 347.214),
(1162, '994e873a-e0ba-4ac2-8495-5ffdecd9bbfc', 0, 0, 'car', 0.750145, 277.257, 118.121, 89.8219, 47.0853),
(1163, '994e873a-e0ba-4ac2-8495-5ffdecd9bbfc', 0, 0, 'car', 0.684579, 134.712, 131.77, 51.2681, 31.2343),
(1164, '994e873a-e0ba-4ac2-8495-5ffdecd9bbfc', 29, 0.966826, 'person', 0.775933, 0, 53.3264, 163.956, 424.822),
(1165, '994e873a-e0ba-4ac2-8495-5ffdecd9bbfc', 29, 0.966826, 'car', 0.631012, 137.426, 140.357, 50.451, 30.9246),
(1166, '994e873a-e0ba-4ac2-8495-5ffdecd9bbfc', 29, 0.966826, 'person', 0.572751, 200.154, 168.31, 167.48, 310.51),
(1167, '994e873a-e0ba-4ac2-8495-5ffdecd9bbfc', 58, 1.93365, 'person', 0.866688, 199.992, 113.505, 167.24, 365.397),
(1168, '994e873a-e0ba-4ac2-8495-5ffdecd9bbfc', 58, 1.93365, 'person', 0.789398, 0, 70.2818, 158.074, 407.507),
(1169, '994e873a-e0ba-4ac2-8495-5ffdecd9bbfc', 58, 1.93365, 'car', 0.666815, 268.106, 138.852, 54.3447, 41.8927),
(1170, '994e873a-e0ba-4ac2-8495-5ffdecd9bbfc', 58, 1.93365, 'bottle', 0.644131, 199.775, 392.512, 28.9105, 86.6729),
(1171, '994e873a-e0ba-4ac2-8495-5ffdecd9bbfc', 58, 1.93365, 'car', 0.562186, 148.972, 148.386, 52.4529, 33.9538),
(1172, '994e873a-e0ba-4ac2-8495-5ffdecd9bbfc', 87, 2.90048, 'person', 0.876631, 0, 71.2818, 165.087, 407.216),
(1173, '994e873a-e0ba-4ac2-8495-5ffdecd9bbfc', 87, 2.90048, 'person', 0.769852, 222.411, 171.723, 144.676, 307.507),
(1174, '994e873a-e0ba-4ac2-8495-5ffdecd9bbfc', 116, 3.86731, 'person', 0.846032, 0, 58.3594, 168.463, 419.85),
(1175, '994e873a-e0ba-4ac2-8495-5ffdecd9bbfc', 116, 3.86731, 'person', 0.809206, 120.944, 175.087, 246.088, 304.576),
(1176, '994e873a-e0ba-4ac2-8495-5ffdecd9bbfc', 145, 4.83413, 'person', 0.856795, 0, 73.4561, 166.545, 404.108),
(1177, '994e873a-e0ba-4ac2-8495-5ffdecd9bbfc', 145, 4.83413, 'person', 0.752528, 177.312, 189.091, 189.621, 290.093),
(1178, '994e873a-e0ba-4ac2-8495-5ffdecd9bbfc', 174, 5.80096, 'person', 0.922944, 215.255, 97.1647, 152.35, 380.546),
(1179, '994e873a-e0ba-4ac2-8495-5ffdecd9bbfc', 174, 5.80096, 'person', 0.795857, 0, 161.501, 163.381, 317.168),
(1180, '994e873a-e0ba-4ac2-8495-5ffdecd9bbfc', 174, 5.80096, 'car', 0.694088, 242.377, 155.679, 40.4645, 33.9628),
(1181, '994e873a-e0ba-4ac2-8495-5ffdecd9bbfc', 203, 6.76778, 'person', 0.89378, 224.932, 125.714, 142.073, 352.68),
(1182, '994e873a-e0ba-4ac2-8495-5ffdecd9bbfc', 203, 6.76778, 'person', 0.837651, 0, 113.148, 166.264, 365.664),
(1183, '994e873a-e0ba-4ac2-8495-5ffdecd9bbfc', 203, 6.76778, 'car', 0.67848, 240.944, 155.096, 30.8616, 28.3969),
(1184, '994e873a-e0ba-4ac2-8495-5ffdecd9bbfc', 203, 6.76778, 'car', 0.634703, 220.581, 153.727, 29.5227, 21.4401),
(1185, '994e873a-e0ba-4ac2-8495-5ffdecd9bbfc', 203, 6.76778, 'car', 0.620085, 260.249, 148.064, 64.6108, 41.5838),
(1186, '994e873a-e0ba-4ac2-8495-5ffdecd9bbfc', 203, 6.76778, 'car', 0.512059, 163.342, 158.182, 34.6779, 27.7786),
(1187, '994e873a-e0ba-4ac2-8495-5ffdecd9bbfc', 232, 7.73461, 'person', 0.816001, 0, 144.269, 165.692, 334.636),
(1188, '994e873a-e0ba-4ac2-8495-5ffdecd9bbfc', 232, 7.73461, 'car', 0.715326, 130.972, 161.125, 24.1885, 19.9221),
(1189, '994e873a-e0ba-4ac2-8495-5ffdecd9bbfc', 232, 7.73461, 'car', 0.699059, 257.965, 154.124, 56.2419, 35.334),
(1190, '994e873a-e0ba-4ac2-8495-5ffdecd9bbfc', 232, 7.73461, 'bottle', 0.653093, 199.364, 405.003, 27.8941, 74.7386),
(1191, '994e873a-e0ba-4ac2-8495-5ffdecd9bbfc', 232, 7.73461, 'car', 0.621808, 224.852, 155.279, 35.146, 25.1614),
(1192, '994e873a-e0ba-4ac2-8495-5ffdecd9bbfc', 232, 7.73461, 'person', 0.565787, 224.163, 223.943, 143.3, 255.501),
(1193, '994e873a-e0ba-4ac2-8495-5ffdecd9bbfc', 261, 8.70144, 'person', 0.739205, 0, 192.236, 159.015, 286.907),
(1194, '994e873a-e0ba-4ac2-8495-5ffdecd9bbfc', 261, 8.70144, 'car', 0.658916, 120.876, 165.38, 27.4578, 20.1308),
(1195, '994e873a-e0ba-4ac2-8495-5ffdecd9bbfc', 261, 8.70144, 'car', 0.554716, 233.636, 154.2, 46.8589, 34.3351),
(1196, '994e873a-e0ba-4ac2-8495-5ffdecd9bbfc', 290, 9.66826, 'person', 0.865841, 0, 136.168, 159.339, 342.52),
(1197, '994e873a-e0ba-4ac2-8495-5ffdecd9bbfc', 290, 9.66826, 'car', 0.665838, 251.326, 157.759, 65.9024, 40.7906),
(1198, '994e873a-e0ba-4ac2-8495-5ffdecd9bbfc', 290, 9.66826, 'car', 0.561097, 120.656, 172.732, 23.3447, 20.8745),
(1199, '994e873a-e0ba-4ac2-8495-5ffdecd9bbfc', 319, 10.6351, 'person', 0.924712, 224.316, 174.991, 143.178, 304.153),
(1200, '994e873a-e0ba-4ac2-8495-5ffdecd9bbfc', 319, 10.6351, 'person', 0.760963, 0, 156.616, 158.041, 321.009),
(1201, '994e873a-e0ba-4ac2-8495-5ffdecd9bbfc', 319, 10.6351, 'car', 0.641918, 240.106, 170.591, 52.304, 39.3657),
(1202, '994e873a-e0ba-4ac2-8495-5ffdecd9bbfc', 319, 10.6351, 'car', 0.605202, 212.193, 178.432, 29.6551, 22.3617),
(1203, '994e873a-e0ba-4ac2-8495-5ffdecd9bbfc', 319, 10.6351, 'car', 0.587814, 162.39, 181.775, 25.2774, 24.8639),
(1204, '994e873a-e0ba-4ac2-8495-5ffdecd9bbfc', 319, 10.6351, 'car', 0.539187, 278.618, 157.45, 88.1134, 95.166),
(1205, '994e873a-e0ba-4ac2-8495-5ffdecd9bbfc', 348, 11.6019, 'person', 0.792923, 0, 203.129, 151.389, 276.107),
(1206, '994e873a-e0ba-4ac2-8495-5ffdecd9bbfc', 348, 11.6019, 'car', 0.746537, 221.16, 179.823, 41.8947, 27.7473),
(1207, '994e873a-e0ba-4ac2-8495-5ffdecd9bbfc', 348, 11.6019, 'car', 0.724027, 121.449, 183.309, 26.7048, 21.1692),
(1208, '994e873a-e0ba-4ac2-8495-5ffdecd9bbfc', 348, 11.6019, 'car', 0.572131, 262.845, 165.711, 91.3089, 46.3173),
(1209, '994e873a-e0ba-4ac2-8495-5ffdecd9bbfc', 377, 12.5687, 'car', 0.828435, 239.919, 178.401, 52.1664, 32.985),
(1210, '994e873a-e0ba-4ac2-8495-5ffdecd9bbfc', 377, 12.5687, 'car', 0.690952, 129.806, 183.712, 26.4426, 21.6145),
(1211, '994e873a-e0ba-4ac2-8495-5ffdecd9bbfc', 377, 12.5687, 'person', 0.662504, 0, 188.421, 151.703, 290.713),
(1212, '994e873a-e0ba-4ac2-8495-5ffdecd9bbfc', 406, 13.5356, 'person', 0.814362, 0, 176.168, 158.404, 302.967),
(1213, '994e873a-e0ba-4ac2-8495-5ffdecd9bbfc', 435, 14.5024, 'person', 0.889799, 0.448746, 86.6742, 208.085, 391.987),
(1214, '994e873a-e0ba-4ac2-8495-5ffdecd9bbfc', 435, 14.5024, 'car', 0.734674, 214.87, 203.527, 78.0228, 37.137),
(1215, '994e873a-e0ba-4ac2-8495-5ffdecd9bbfc', 464, 15.4692, 'person', 0.89988, 0, 89.7139, 234.28, 388.4),
(1216, '994e873a-e0ba-4ac2-8495-5ffdecd9bbfc', 464, 15.4692, 'car', 0.605107, 243.644, 218.672, 111.244, 47.1893),
(1217, '994e873a-e0ba-4ac2-8495-5ffdecd9bbfc', 493, 16.436, 'person', 0.842767, 0, 296.609, 252.494, 183.026),
(1218, '994e873a-e0ba-4ac2-8495-5ffdecd9bbfc', 493, 16.436, 'car', 0.837435, 48.3086, 222.609, 180.129, 66.7092),
(1219, '994e873a-e0ba-4ac2-8495-5ffdecd9bbfc', 493, 16.436, 'car', 0.505202, 261.513, 235.49, 27.2176, 23.7188),
(1220, '994e873a-e0ba-4ac2-8495-5ffdecd9bbfc', 522, 17.4029, 'car', 0.861096, 163.329, 240.742, 122.677, 61.0711),
(1221, '994e873a-e0ba-4ac2-8495-5ffdecd9bbfc', 522, 17.4029, 'person', 0.739471, 0, 151.063, 174.334, 328.294),
(1222, '994e873a-e0ba-4ac2-8495-5ffdecd9bbfc', 522, 17.4029, 'car', 0.605861, 282.057, 229.733, 70.3332, 68.4218),
(1223, '994e873a-e0ba-4ac2-8495-5ffdecd9bbfc', 551, 18.3697, 'car', 0.879085, 47.9863, 234.704, 109.012, 65.4975),
(1224, '994e873a-e0ba-4ac2-8495-5ffdecd9bbfc', 551, 18.3697, 'car', 0.782394, 220.062, 250.063, 71.8264, 57.2722),
(1225, '994e873a-e0ba-4ac2-8495-5ffdecd9bbfc', 551, 18.3697, 'person', 0.716895, 0.0346985, 114.265, 178.245, 364.805),
(1226, '994e873a-e0ba-4ac2-8495-5ffdecd9bbfc', 551, 18.3697, 'person', 0.664687, 188.888, 244.434, 13.4395, 40.8706),
(1227, '994e873a-e0ba-4ac2-8495-5ffdecd9bbfc', 551, 18.3697, 'car', 0.606011, 279.048, 239.109, 87.8661, 68.2857),
(1228, '994e873a-e0ba-4ac2-8495-5ffdecd9bbfc', 580, 19.3365, 'car', 0.828731, 100.58, 249.628, 107.031, 61.6496),
(1229, '994e873a-e0ba-4ac2-8495-5ffdecd9bbfc', 580, 19.3365, 'car', 0.615691, 270.243, 244.755, 96.9351, 65.0815),
(1230, '994e873a-e0ba-4ac2-8495-5ffdecd9bbfc', 580, 19.3365, 'car', 0.509294, 238.522, 257.2, 51.0754, 48.7329),
(1231, '994e873a-e0ba-4ac2-8495-5ffdecd9bbfc', 609, 20.3034, 'car', 0.851131, 153.557, 251.591, 67.1525, 48.7767),
(1232, '994e873a-e0ba-4ac2-8495-5ffdecd9bbfc', 609, 20.3034, 'person', 0.715463, 128.631, 242.787, 16.2817, 45.1029),
(1233, '994e873a-e0ba-4ac2-8495-5ffdecd9bbfc', 609, 20.3034, 'person', 0.688783, 0.443184, 115.269, 263.744, 362.112),
(1234, '994e873a-e0ba-4ac2-8495-5ffdecd9bbfc', 609, 20.3034, 'car', 0.582332, 236.567, 257.315, 39.2345, 37.7924),
(1235, '994e873a-e0ba-4ac2-8495-5ffdecd9bbfc', 638, 21.2702, 'person', 0.872496, 0.0553436, 92.6292, 238.18, 386.57),
(1236, '994e873a-e0ba-4ac2-8495-5ffdecd9bbfc', 638, 21.2702, 'car', 0.790621, 166.699, 245.011, 46.3772, 36.7248),
(1237, '994e873a-e0ba-4ac2-8495-5ffdecd9bbfc', 638, 21.2702, 'car', 0.778367, 77.7143, 230.051, 93.9812, 56.8995),
(1238, '994e873a-e0ba-4ac2-8495-5ffdecd9bbfc', 638, 21.2702, 'car', 0.755615, 239.385, 238.415, 120.263, 50.1041),
(1239, '994e873a-e0ba-4ac2-8495-5ffdecd9bbfc', 667, 22.237, 'car', 0.724048, 206.558, 227.763, 103.92, 38.2133),
(1240, '994e873a-e0ba-4ac2-8495-5ffdecd9bbfc', 667, 22.237, 'car', 0.643852, 157.88, 236.703, 30.4971, 26.7305),
(1241, '994e873a-e0ba-4ac2-8495-5ffdecd9bbfc', 667, 22.237, 'car', 0.628923, 293.072, 233.704, 44.9288, 30.8038),
(1242, '994e873a-e0ba-4ac2-8495-5ffdecd9bbfc', 667, 22.237, 'person', 0.580139, 287.451, 345.279, 80.3658, 134.054),
(1243, '994e873a-e0ba-4ac2-8495-5ffdecd9bbfc', 667, 22.237, 'person', 0.574359, 0, 120.618, 198.535, 358.499),
(1244, '994e873a-e0ba-4ac2-8495-5ffdecd9bbfc', 696, 23.2038, 'person', 0.793683, 249.206, 318.241, 117.783, 161.158),
(1245, '994e873a-e0ba-4ac2-8495-5ffdecd9bbfc', 696, 23.2038, 'person', 0.75256, 0.145649, 251.25, 168.116, 228.279),
(1246, '994e873a-e0ba-4ac2-8495-5ffdecd9bbfc', 696, 23.2038, 'car', 0.549933, 262.273, 226.163, 49.8909, 28.2098),
(1247, '994e873a-e0ba-4ac2-8495-5ffdecd9bbfc', 725, 24.1707, 'person', 0.874258, 0, 245.684, 152.511, 233.822),
(1248, '994e873a-e0ba-4ac2-8495-5ffdecd9bbfc', 725, 24.1707, 'person', 0.716847, 235.203, 310.058, 132.049, 169.47),
(1249, '994e873a-e0ba-4ac2-8495-5ffdecd9bbfc', 725, 24.1707, 'car', 0.651514, 154.583, 215.068, 102.642, 36.3235),
(1250, '994e873a-e0ba-4ac2-8495-5ffdecd9bbfc', 725, 24.1707, 'car', 0.555292, 312.287, 207.084, 54.8423, 40.41),
(1251, '994e873a-e0ba-4ac2-8495-5ffdecd9bbfc', 754, 25.1375, 'person', 0.849827, 0, 254.013, 150.369, 225.517),
(1252, '994e873a-e0ba-4ac2-8495-5ffdecd9bbfc', 754, 25.1375, 'person', 0.734586, 233.282, 322.411, 133.699, 157.017),
(1253, '994e873a-e0ba-4ac2-8495-5ffdecd9bbfc', 754, 25.1375, 'car', 0.716884, 155.444, 212.236, 100.459, 39.9354),
(1254, '994e873a-e0ba-4ac2-8495-5ffdecd9bbfc', 754, 25.1375, 'car', 0.610062, 237.028, 216.71, 41.6113, 31.7452),
(1255, '994e873a-e0ba-4ac2-8495-5ffdecd9bbfc', 783, 26.1043, 'person', 0.843564, 0, 251.899, 149.783, 227.659),
(1256, '994e873a-e0ba-4ac2-8495-5ffdecd9bbfc', 783, 26.1043, 'car', 0.776113, 299.744, 204.047, 67.6065, 46.2391),
(1257, '994e873a-e0ba-4ac2-8495-5ffdecd9bbfc', 783, 26.1043, 'person', 0.748073, 232.847, 323.664, 133.884, 155.779),
(1258, '994e873a-e0ba-4ac2-8495-5ffdecd9bbfc', 783, 26.1043, 'car', 0.69702, 86.7973, 214.719, 49.5177, 35.9816),
(1259, '994e873a-e0ba-4ac2-8495-5ffdecd9bbfc', 783, 26.1043, 'car', 0.684336, 155.569, 213.196, 99.0857, 39.5359),
(1260, '994e873a-e0ba-4ac2-8495-5ffdecd9bbfc', 783, 26.1043, 'car', 0.651334, 239.581, 217.808, 38.6946, 31.9463),
(1261, '994e873a-e0ba-4ac2-8495-5ffdecd9bbfc', 812, 27.0711, 'person', 0.862978, 0, 246.183, 148.6, 233.376),
(1262, '994e873a-e0ba-4ac2-8495-5ffdecd9bbfc', 812, 27.0711, 'person', 0.815286, 235.112, 310.145, 131.621, 169.266),
(1263, '994e873a-e0ba-4ac2-8495-5ffdecd9bbfc', 812, 27.0711, 'car', 0.559727, 245.625, 220.515, 39.5839, 28.1368),
(1264, '994e873a-e0ba-4ac2-8495-5ffdecd9bbfc', 841, 28.038, 'person', 0.845931, 0, 246.283, 150.017, 233.267),
(1265, '994e873a-e0ba-4ac2-8495-5ffdecd9bbfc', 841, 28.038, 'person', 0.823472, 238.688, 316.321, 128.169, 162.956),
(1266, '994e873a-e0ba-4ac2-8495-5ffdecd9bbfc', 841, 28.038, 'car', 0.60369, 155.251, 213.905, 103.175, 38.3898),
(1267, '994e873a-e0ba-4ac2-8495-5ffdecd9bbfc', 841, 28.038, 'car', 0.558489, 245.926, 221.187, 55.262, 29.0866),
(1268, '994e873a-e0ba-4ac2-8495-5ffdecd9bbfc', 870, 29.0048, 'person', 0.851283, 0, 240.822, 149.751, 238.644),
(1269, '994e873a-e0ba-4ac2-8495-5ffdecd9bbfc', 870, 29.0048, 'person', 0.841715, 238.58, 314.639, 128.613, 164.724),
(1270, '994e873a-e0ba-4ac2-8495-5ffdecd9bbfc', 870, 29.0048, 'car', 0.543716, 249.946, 220.153, 48.4686, 28.2167),
(1271, '994e873a-e0ba-4ac2-8495-5ffdecd9bbfc', 870, 29.0048, 'car', 0.537817, 156.898, 211.125, 102.766, 40.8428),
(1272, '994e873a-e0ba-4ac2-8495-5ffdecd9bbfc', 899, 29.9716, 'person', 0.838962, 0, 243.482, 150.324, 236.028),
(1273, '994e873a-e0ba-4ac2-8495-5ffdecd9bbfc', 899, 29.9716, 'person', 0.761653, 237.97, 312.335, 128.597, 167.02),
(1274, '994e873a-e0ba-4ac2-8495-5ffdecd9bbfc', 899, 29.9716, 'car', 0.552482, 159.066, 210.872, 106.429, 39.3706),
(1275, '994e873a-e0ba-4ac2-8495-5ffdecd9bbfc', 928, 30.9384, 'person', 0.881121, 0, 241.864, 153.637, 237.647),
(1276, '994e873a-e0ba-4ac2-8495-5ffdecd9bbfc', 928, 30.9384, 'person', 0.773683, 242.594, 310.736, 123.657, 168.717),
(1277, '994e873a-e0ba-4ac2-8495-5ffdecd9bbfc', 928, 30.9384, 'car', 0.64612, 255.795, 216.826, 36.4429, 28.5543),
(1278, '994e873a-e0ba-4ac2-8495-5ffdecd9bbfc', 957, 31.9053, 'person', 0.885613, 0, 243.868, 153.378, 235.631),
(1279, '994e873a-e0ba-4ac2-8495-5ffdecd9bbfc', 957, 31.9053, 'person', 0.83337, 242.588, 309.009, 124.401, 170.265),
(1280, '994e873a-e0ba-4ac2-8495-5ffdecd9bbfc', 957, 31.9053, 'car', 0.582527, 256.611, 216.167, 37.5712, 28.1219),
(1281, '994e873a-e0ba-4ac2-8495-5ffdecd9bbfc', 957, 31.9053, 'car', 0.524501, 163.682, 209.445, 102.63, 38.1416),
(1282, '994e873a-e0ba-4ac2-8495-5ffdecd9bbfc', 986, 32.8721, 'person', 0.910842, 0, 241.989, 151.187, 237.541),
(1283, '994e873a-e0ba-4ac2-8495-5ffdecd9bbfc', 986, 32.8721, 'person', 0.850774, 239.241, 306.028, 127.864, 173.218),
(1284, '994e873a-e0ba-4ac2-8495-5ffdecd9bbfc', 986, 32.8721, 'car', 0.515507, 0, 180.504, 80.368, 66.3479),
(1285, '994e873a-e0ba-4ac2-8495-5ffdecd9bbfc', 986, 32.8721, 'car', 0.513825, 159.936, 208.411, 103.62, 37.5271),
(1286, '994e873a-e0ba-4ac2-8495-5ffdecd9bbfc', 1015, 33.8389, 'person', 0.854446, 0, 238.706, 145.855, 240.775),
(1287, '994e873a-e0ba-4ac2-8495-5ffdecd9bbfc', 1015, 33.8389, 'person', 0.820305, 231.283, 303.538, 135.22, 175.827),
(1288, '994e873a-e0ba-4ac2-8495-5ffdecd9bbfc', 1015, 33.8389, 'car', 0.621491, 311.26, 202.169, 56.3451, 39.7216),
(1289, '994e873a-e0ba-4ac2-8495-5ffdecd9bbfc', 1015, 33.8389, 'car', 0.559476, 0, 178.95, 78.1242, 59.9664),
(1290, '994e873a-e0ba-4ac2-8495-5ffdecd9bbfc', 1015, 33.8389, 'car', 0.557125, 155.381, 207.296, 103.106, 38.8066),
(1291, '994e873a-e0ba-4ac2-8495-5ffdecd9bbfc', 1015, 33.8389, 'car', 0.545488, 246.733, 215.166, 38.8513, 27.0615),
(1292, '994e873a-e0ba-4ac2-8495-5ffdecd9bbfc', 1044, 34.8057, 'person', 0.857371, 0, 242.071, 140.446, 237.48),
(1293, '994e873a-e0ba-4ac2-8495-5ffdecd9bbfc', 1044, 34.8057, 'person', 0.830835, 227.395, 303.486, 139.123, 175.845),
(1294, '994e873a-e0ba-4ac2-8495-5ffdecd9bbfc', 1044, 34.8057, 'car', 0.693987, 238.914, 213.889, 43.0499, 26.845),
(1295, '994e873a-e0ba-4ac2-8495-5ffdecd9bbfc', 1044, 34.8057, 'car', 0.693333, 305.446, 202.305, 61.5707, 38.9462),
(1296, '994e873a-e0ba-4ac2-8495-5ffdecd9bbfc', 1044, 34.8057, 'car', 0.616025, 150.966, 206.722, 103.833, 37.4197),
(1297, '994e873a-e0ba-4ac2-8495-5ffdecd9bbfc', 1073, 35.7726, 'person', 0.830283, 224.834, 303.184, 141.631, 176.286),
(1298, '994e873a-e0ba-4ac2-8495-5ffdecd9bbfc', 1073, 35.7726, 'person', 0.830136, 0, 240.202, 138.963, 239.345),
(1299, '994e873a-e0ba-4ac2-8495-5ffdecd9bbfc', 1073, 35.7726, 'car', 0.663289, 304.664, 202.031, 62.4464, 39.0935),
(1300, '994e873a-e0ba-4ac2-8495-5ffdecd9bbfc', 1073, 35.7726, 'car', 0.558457, 149.836, 207.041, 102.312, 36.879),
(1301, '994e873a-e0ba-4ac2-8495-5ffdecd9bbfc', 1102, 36.7394, 'person', 0.845135, 0, 241.744, 137.465, 237.749),
(1302, '994e873a-e0ba-4ac2-8495-5ffdecd9bbfc', 1102, 36.7394, 'person', 0.711383, 223.667, 302.929, 142.766, 176.553),
(1303, '994e873a-e0ba-4ac2-8495-5ffdecd9bbfc', 1102, 36.7394, 'car', 0.659118, 149.446, 206.367, 101.84, 37.965),
(1304, '994e873a-e0ba-4ac2-8495-5ffdecd9bbfc', 1102, 36.7394, 'car', 0.641865, 242.153, 214.403, 46.379, 26.7575),
(1305, '994e873a-e0ba-4ac2-8495-5ffdecd9bbfc', 1131, 37.7062, 'person', 0.858697, 0, 243.029, 136.767, 236.539),
(1306, '994e873a-e0ba-4ac2-8495-5ffdecd9bbfc', 1131, 37.7062, 'person', 0.808193, 223.871, 305.398, 142.867, 174.041),
(1307, '994e873a-e0ba-4ac2-8495-5ffdecd9bbfc', 1131, 37.7062, 'car', 0.52863, 149.732, 206.49, 102.209, 38.7498),
(1308, '994e873a-e0ba-4ac2-8495-5ffdecd9bbfc', 1160, 38.673, 'person', 0.868876, 0, 245.395, 140.953, 234.243),
(1309, '994e873a-e0ba-4ac2-8495-5ffdecd9bbfc', 1160, 38.673, 'person', 0.724317, 222.839, 315.283, 144.262, 164.184),
(1310, '994e873a-e0ba-4ac2-8495-5ffdecd9bbfc', 1160, 38.673, 'car', 0.684008, 149.185, 208.408, 102.971, 40.2449),
(1311, '994e873a-e0ba-4ac2-8495-5ffdecd9bbfc', 1160, 38.673, 'car', 0.567222, 242.113, 215.96, 37.2992, 30.6159),
(1312, '994e873a-e0ba-4ac2-8495-5ffdecd9bbfc', 1160, 38.673, 'car', 0.514347, 304.184, 204.665, 63.1939, 42.7554),
(1313, '994e873a-e0ba-4ac2-8495-5ffdecd9bbfc', 1189, 39.6399, 'person', 0.88658, 0, 240.538, 148.001, 238.903),
(1314, '994e873a-e0ba-4ac2-8495-5ffdecd9bbfc', 1189, 39.6399, 'person', 0.812356, 227.829, 316.269, 139.119, 163.051),
(1315, '994e873a-e0ba-4ac2-8495-5ffdecd9bbfc', 1189, 39.6399, 'car', 0.655538, 151.505, 208.768, 105.263, 39.745),
(1316, '994e873a-e0ba-4ac2-8495-5ffdecd9bbfc', 1218, 40.6067, 'person', 0.870156, 0, 234.981, 158.492, 244.454),
(1317, '994e873a-e0ba-4ac2-8495-5ffdecd9bbfc', 1218, 40.6067, 'person', 0.764511, 236.452, 317.779, 128.601, 161.776),
(1318, '994e873a-e0ba-4ac2-8495-5ffdecd9bbfc', 1218, 40.6067, 'car', 0.752978, 255.565, 215.78, 40.5821, 30.6798),
(1319, '994e873a-e0ba-4ac2-8495-5ffdecd9bbfc', 1218, 40.6067, 'car', 0.58057, 163.173, 208.092, 107.031, 39.5099),
(1320, '994e873a-e0ba-4ac2-8495-5ffdecd9bbfc', 1218, 40.6067, 'car', 0.54138, 320.508, 206.261, 46.951, 41.0666),
(1321, '994e873a-e0ba-4ac2-8495-5ffdecd9bbfc', 1247, 41.5735, 'person', 0.850382, 265.88, 328.14, 101.195, 151.284),
(1322, '994e873a-e0ba-4ac2-8495-5ffdecd9bbfc', 1247, 41.5735, 'person', 0.792152, 0, 108.191, 186.073, 370.881),
(1323, '994e873a-e0ba-4ac2-8495-5ffdecd9bbfc', 1247, 41.5735, 'car', 0.680583, 190.988, 209.754, 113.119, 41.3612),
(1324, '994e873a-e0ba-4ac2-8495-5ffdecd9bbfc', 1247, 41.5735, 'car', 0.564707, 285.235, 217.78, 46.2167, 31.6505),
(1325, '994e873a-e0ba-4ac2-8495-5ffdecd9bbfc', 1276, 42.5404, 'person', 0.774537, 0.5056, 263.151, 220.1, 216.322),
(1326, '994e873a-e0ba-4ac2-8495-5ffdecd9bbfc', 1276, 42.5404, 'car', 0.648737, 231.905, 207.227, 135.433, 58.2074),
(1327, '994e873a-e0ba-4ac2-8495-5ffdecd9bbfc', 1276, 42.5404, 'car', 0.577248, 0, 170.31, 128.708, 81.7624),
(1328, '994e873a-e0ba-4ac2-8495-5ffdecd9bbfc', 1305, 43.5072, 'person', 0.732618, 0.0578384, 293.239, 240.343, 186.413),
(1329, '994e873a-e0ba-4ac2-8495-5ffdecd9bbfc', 1305, 43.5072, 'car', 0.689169, 270.045, 212.813, 96.874, 78.053),
(1330, '994e873a-e0ba-4ac2-8495-5ffdecd9bbfc', 1305, 43.5072, 'car', 0.671598, 0, 166.661, 140.985, 114.706),
(1331, '994e873a-e0ba-4ac2-8495-5ffdecd9bbfc', 1305, 43.5072, 'car', 0.65902, 233.331, 231.937, 59.1017, 57.946),
(1332, '994e873a-e0ba-4ac2-8495-5ffdecd9bbfc', 1305, 43.5072, 'car', 0.537493, 182.691, 218.011, 46.9249, 67.8091),
(1333, '994e873a-e0ba-4ac2-8495-5ffdecd9bbfc', 1334, 44.474, 'car', 0.740304, 285.389, 227.63, 81.5614, 81.6146),
(1334, '994e873a-e0ba-4ac2-8495-5ffdecd9bbfc', 1334, 44.474, 'car', 0.739454, 248.969, 244.84, 59.3478, 62.8192),
(1335, '994e873a-e0ba-4ac2-8495-5ffdecd9bbfc', 1334, 44.474, 'car', 0.643072, 0, 176.681, 144.202, 122.21),
(1336, '994e873a-e0ba-4ac2-8495-5ffdecd9bbfc', 1334, 44.474, 'car', 0.542603, 192.59, 230.182, 47.2622, 73.0561),
(1337, '994e873a-e0ba-4ac2-8495-5ffdecd9bbfc', 1363, 45.4408, 'car', 0.684402, 287.929, 231.036, 79.2587, 82.6341),
(1338, '994e873a-e0ba-4ac2-8495-5ffdecd9bbfc', 1363, 45.4408, 'car', 0.657352, 251.775, 249.074, 62.0885, 62.0187),
(1339, '994e873a-e0ba-4ac2-8495-5ffdecd9bbfc', 1363, 45.4408, 'car', 0.565601, 0, 178.725, 145.854, 124.518),
(1340, '994e873a-e0ba-4ac2-8495-5ffdecd9bbfc', 1392, 46.4077, 'car', 0.665504, 246.114, 243.406, 59.101, 62.2494),
(1341, '994e873a-e0ba-4ac2-8495-5ffdecd9bbfc', 1392, 46.4077, 'car', 0.585346, 0, 174.011, 143.756, 124.019),
(1342, '994e873a-e0ba-4ac2-8495-5ffdecd9bbfc', 1392, 46.4077, 'car', 0.554229, 283.339, 227.004, 83.0156, 80.455),
(1343, '994e873a-e0ba-4ac2-8495-5ffdecd9bbfc', 1421, 47.3745, 'car', 0.727376, 216.122, 226.933, 50.1636, 47.9498),
(1344, '994e873a-e0ba-4ac2-8495-5ffdecd9bbfc', 1421, 47.3745, 'person', 0.69381, 0, 259.337, 232.209, 220.042),
(1345, '994e873a-e0ba-4ac2-8495-5ffdecd9bbfc', 1421, 47.3745, 'car', 0.553621, 250.197, 211.795, 116.075, 63.9055),
(1346, '994e873a-e0ba-4ac2-8495-5ffdecd9bbfc', 1421, 47.3745, 'car', 0.542787, 0, 167.874, 139.007, 102.47),
(1347, '994e873a-e0ba-4ac2-8495-5ffdecd9bbfc', 1450, 48.3413, 'person', 0.759538, 0, 241.159, 192.119, 238.048),
(1348, '994e873a-e0ba-4ac2-8495-5ffdecd9bbfc', 1450, 48.3413, 'car', 0.751373, 319.713, 207.709, 47.4851, 37.722),
(1349, '994e873a-e0ba-4ac2-8495-5ffdecd9bbfc', 1450, 48.3413, 'car', 0.679976, 209.258, 198.595, 131.242, 47.6277),
(1350, '994e873a-e0ba-4ac2-8495-5ffdecd9bbfc', 1450, 48.3413, 'car', 0.523362, 0, 162.457, 116.295, 82.568),
(1351, '994e873a-e0ba-4ac2-8495-5ffdecd9bbfc', 1479, 49.3081, 'person', 0.881218, 0, 224.278, 159.985, 254.89),
(1352, '994e873a-e0ba-4ac2-8495-5ffdecd9bbfc', 1479, 49.3081, 'person', 0.703797, 258.335, 310.854, 108.563, 168.508),
(1353, '994e873a-e0ba-4ac2-8495-5ffdecd9bbfc', 1479, 49.3081, 'car', 0.575487, 176.354, 183.542, 124.968, 43.8063),
(1354, '994e873a-e0ba-4ac2-8495-5ffdecd9bbfc', 1479, 49.3081, 'car', 0.546747, 0, 213.878, 367.377, 264.726),
(1355, '994e873a-e0ba-4ac2-8495-5ffdecd9bbfc', 1508, 50.275, 'person', 0.817506, 0, 222.631, 146.079, 256.786),
(1356, '994e873a-e0ba-4ac2-8495-5ffdecd9bbfc', 1508, 50.275, 'person', 0.725378, 235.963, 185.709, 131.458, 293.441),
(1357, '994e873a-e0ba-4ac2-8495-5ffdecd9bbfc', 1508, 50.275, 'car', 0.635964, 153.284, 184.722, 121.608, 40.1029),
(1358, '994e873a-e0ba-4ac2-8495-5ffdecd9bbfc', 1508, 50.275, 'car', 0.61625, 0, 163.938, 106.708, 61.3655),
(1359, '994e873a-e0ba-4ac2-8495-5ffdecd9bbfc', 1508, 50.275, 'car', 0.523249, 0.0700607, 202.789, 303.274, 277.211),
(1360, '994e873a-e0ba-4ac2-8495-5ffdecd9bbfc', 1537, 51.2418, 'person', 0.904572, 221.823, 133.084, 145.465, 346.171),
(1361, '994e873a-e0ba-4ac2-8495-5ffdecd9bbfc', 1537, 51.2418, 'person', 0.861448, 0, 234.107, 142.257, 245.311),
(1362, '994e873a-e0ba-4ac2-8495-5ffdecd9bbfc', 1537, 51.2418, 'car', 0.708673, 3.15219, 176.291, 109.004, 61.8524),
(1363, '994e873a-e0ba-4ac2-8495-5ffdecd9bbfc', 1537, 51.2418, 'car', 0.663292, 254.631, 197.847, 52.6119, 35.1872),
(1364, '994e873a-e0ba-4ac2-8495-5ffdecd9bbfc', 1537, 51.2418, 'car', 0.641482, 155.9, 191.168, 113.189, 43.1293),
(1365, '994e873a-e0ba-4ac2-8495-5ffdecd9bbfc', 1566, 52.2086, 'person', 0.777116, 0, 235.754, 149.113, 243.684),
(1366, '994e873a-e0ba-4ac2-8495-5ffdecd9bbfc', 1566, 52.2086, 'person', 0.743892, 210.248, 198.674, 156.646, 279.63),
(1367, '994e873a-e0ba-4ac2-8495-5ffdecd9bbfc', 1566, 52.2086, 'car', 0.591022, 29.2109, 188.513, 86.4412, 52.5078),
(1368, '994e873a-e0ba-4ac2-8495-5ffdecd9bbfc', 1566, 52.2086, 'car', 0.553543, 150.599, 196.492, 110.632, 44.607),
(1369, '994e873a-e0ba-4ac2-8495-5ffdecd9bbfc', 1595, 53.1754, 'person', 0.847424, 0, 241.407, 148.791, 238.084),
(1370, '994e873a-e0ba-4ac2-8495-5ffdecd9bbfc', 1595, 53.1754, 'person', 0.821868, 214.106, 325.764, 152.694, 153.615),
(1371, '994e873a-e0ba-4ac2-8495-5ffdecd9bbfc', 1595, 53.1754, 'car', 0.761761, 255.989, 204.998, 79.9714, 37.7834),
(1372, '994e873a-e0ba-4ac2-8495-5ffdecd9bbfc', 1595, 53.1754, 'car', 0.759865, 140.725, 201.985, 112.779, 43.4341),
(1373, '994e873a-e0ba-4ac2-8495-5ffdecd9bbfc', 1595, 53.1754, 'car', 0.521649, 2.49594, 230.381, 365.504, 248.58),
(1374, '994e873a-e0ba-4ac2-8495-5ffdecd9bbfc', 1624, 54.1423, 'person', 0.86211, 223.798, 323.51, 143.35, 155.842),
(1375, '994e873a-e0ba-4ac2-8495-5ffdecd9bbfc', 1624, 54.1423, 'car', 0.855434, 264.679, 208.462, 84.1242, 34.7965),
(1376, '994e873a-e0ba-4ac2-8495-5ffdecd9bbfc', 1624, 54.1423, 'person', 0.845454, 0, 234.787, 147.801, 244.805),
(1377, '994e873a-e0ba-4ac2-8495-5ffdecd9bbfc', 1624, 54.1423, 'car', 0.701585, 218.165, 209.454, 38.3514, 33.5528),
(1378, '994e873a-e0ba-4ac2-8495-5ffdecd9bbfc', 1624, 54.1423, 'car', 0.654355, 138.142, 206.346, 101.336, 37.9602),
(1379, '994e873a-e0ba-4ac2-8495-5ffdecd9bbfc', 1653, 55.1091, 'car', 0.868334, 278.716, 208.652, 88.8052, 38.5534),
(1380, '994e873a-e0ba-4ac2-8495-5ffdecd9bbfc', 1653, 55.1091, 'person', 0.841631, 0, 227.572, 157.007, 252.073),
(1381, '994e873a-e0ba-4ac2-8495-5ffdecd9bbfc', 1653, 55.1091, 'car', 0.833661, 207.92, 211.638, 55.0219, 34.0727),
(1382, '994e873a-e0ba-4ac2-8495-5ffdecd9bbfc', 1682, 56.0759, 'car', 0.852065, 296.015, 201.644, 71.3393, 51.5155),
(1383, '994e873a-e0ba-4ac2-8495-5ffdecd9bbfc', 1682, 56.0759, 'car', 0.847285, 203.517, 208.43, 68.7679, 42.6562);
INSERT INTO `object_detections` (`id`, `video_id`, `frame_number`, `timestamp`, `object_class`, `confidence`, `bbox_x`, `bbox_y`, `bbox_width`, `bbox_height`) VALUES
(1384, '994e873a-e0ba-4ac2-8495-5ffdecd9bbfc', 1682, 56.0759, 'person', 0.831409, 252.747, 351.349, 114.423, 128.118),
(1385, '994e873a-e0ba-4ac2-8495-5ffdecd9bbfc', 1682, 56.0759, 'car', 0.797884, 107.016, 207.7, 86.7771, 40.3898),
(1386, '994e873a-e0ba-4ac2-8495-5ffdecd9bbfc', 1682, 56.0759, 'person', 0.665072, 0.074707, 328.52, 222.664, 151.171),
(1387, '994e873a-e0ba-4ac2-8495-5ffdecd9bbfc', 1682, 56.0759, 'car', 0.60445, 254.189, 207.09, 34.5395, 31.1137),
(1388, '994e873a-e0ba-4ac2-8495-5ffdecd9bbfc', 1711, 57.0428, 'car', 0.819448, 210.89, 198.686, 72.6749, 36.8504),
(1389, '994e873a-e0ba-4ac2-8495-5ffdecd9bbfc', 1711, 57.0428, 'person', 0.76658, 258.567, 322.732, 108.265, 156.877),
(1390, '994e873a-e0ba-4ac2-8495-5ffdecd9bbfc', 1711, 57.0428, 'car', 0.705959, 97.7655, 198.368, 83.2044, 35.6311),
(1391, '994e873a-e0ba-4ac2-8495-5ffdecd9bbfc', 1711, 57.0428, 'car', 0.519346, 322.695, 193.176, 44.5101, 42.6061),
(1392, '994e873a-e0ba-4ac2-8495-5ffdecd9bbfc', 1740, 58.0096, 'car', 0.81811, 229.83, 195.263, 80.7086, 39.9027),
(1393, '994e873a-e0ba-4ac2-8495-5ffdecd9bbfc', 1740, 58.0096, 'person', 0.723029, 255.63, 325.091, 111.275, 154.348),
(1394, '994e873a-e0ba-4ac2-8495-5ffdecd9bbfc', 1740, 58.0096, 'car', 0.701628, 101.714, 196.313, 74.7913, 36.5808),
(1395, '994e873a-e0ba-4ac2-8495-5ffdecd9bbfc', 1740, 58.0096, 'car', 0.566159, 43.2373, 202.564, 57.2196, 24.6967),
(1396, '994e873a-e0ba-4ac2-8495-5ffdecd9bbfc', 1769, 58.9764, 'person', 0.84763, 0, 234.096, 173.302, 245.246),
(1397, '994e873a-e0ba-4ac2-8495-5ffdecd9bbfc', 1769, 58.9764, 'car', 0.825193, 262.634, 202.066, 96.1933, 44.2835),
(1398, '994e873a-e0ba-4ac2-8495-5ffdecd9bbfc', 1769, 58.9764, 'car', 0.790876, 205.924, 200.741, 85.3714, 40.897),
(1399, '994e873a-e0ba-4ac2-8495-5ffdecd9bbfc', 1769, 58.9764, 'car', 0.700703, 109.305, 205.22, 67.4284, 37.7937),
(1400, '994e873a-e0ba-4ac2-8495-5ffdecd9bbfc', 1769, 58.9764, 'person', 0.555267, 271.534, 359.853, 95.8552, 119.709),
(1401, '994e873a-e0ba-4ac2-8495-5ffdecd9bbfc', 1769, 58.9764, 'car', 0.506888, 0, 96.9791, 365.91, 381.579),
(1402, '994e873a-e0ba-4ac2-8495-5ffdecd9bbfc', 1798, 59.9432, 'person', 0.840071, 0, 245.206, 165.102, 234.371),
(1403, '994e873a-e0ba-4ac2-8495-5ffdecd9bbfc', 1798, 59.9432, 'person', 0.773518, 260.918, 356.909, 106, 122.735),
(1404, '994e873a-e0ba-4ac2-8495-5ffdecd9bbfc', 1798, 59.9432, 'car', 0.756127, 50.8187, 215.787, 59.6967, 24.4409),
(1405, '994e873a-e0ba-4ac2-8495-5ffdecd9bbfc', 1798, 59.9432, 'car', 0.750024, 329.459, 209.243, 38.0693, 41.4373),
(1406, '994e873a-e0ba-4ac2-8495-5ffdecd9bbfc', 1798, 59.9432, 'car', 0.708172, 208.675, 202.272, 99.5714, 47.1712),
(1407, '994e873a-e0ba-4ac2-8495-5ffdecd9bbfc', 1798, 59.9432, 'car', 0.666974, 110.892, 211.202, 59.0292, 39.5443),
(1408, '994e873a-e0ba-4ac2-8495-5ffdecd9bbfc', 1827, 60.9101, 'person', 0.801909, 0.0631714, 224.544, 168.598, 253.96),
(1409, '994e873a-e0ba-4ac2-8495-5ffdecd9bbfc', 1827, 60.9101, 'car', 0.777994, 75.8932, 215.387, 46.7018, 26.0344),
(1410, '994e873a-e0ba-4ac2-8495-5ffdecd9bbfc', 1827, 60.9101, 'car', 0.754239, 207.632, 192.327, 137.95, 46.8751),
(1411, '994e873a-e0ba-4ac2-8495-5ffdecd9bbfc', 1827, 60.9101, 'person', 0.620751, 255.215, 345.263, 111.751, 134.273),
(1412, '994e873a-e0ba-4ac2-8495-5ffdecd9bbfc', 1827, 60.9101, 'car', 0.599386, 122.086, 210.513, 56.214, 30.0094),
(1413, '994e873a-e0ba-4ac2-8495-5ffdecd9bbfc', 1856, 61.8769, 'car', 0.787615, 121.961, 216.896, 45.7011, 28.1705),
(1414, '994e873a-e0ba-4ac2-8495-5ffdecd9bbfc', 1856, 61.8769, 'car', 0.644384, 161.449, 213.062, 64.9092, 39.3756),
(1415, '994e873a-e0ba-4ac2-8495-5ffdecd9bbfc', 1856, 61.8769, 'person', 0.58506, 0, 225.875, 163.268, 253.464),
(1416, '994e873a-e0ba-4ac2-8495-5ffdecd9bbfc', 1885, 62.8437, 'car', 0.646748, 302.25, 233.309, 65.2564, 31.284),
(1417, '994e873a-e0ba-4ac2-8495-5ffdecd9bbfc', 1885, 62.8437, 'person', 0.57534, 0, 243.963, 128.178, 235.315),
(1418, '994e873a-e0ba-4ac2-8495-5ffdecd9bbfc', 1885, 62.8437, 'car', 0.536006, 225.617, 219.717, 62.8107, 39.5633),
(1419, '994e873a-e0ba-4ac2-8495-5ffdecd9bbfc', 1885, 62.8437, 'person', 0.53272, 158.46, 317.365, 208.223, 162.089),
(1420, '994e873a-e0ba-4ac2-8495-5ffdecd9bbfc', 1914, 63.8105, 'car', 0.82518, 274.011, 229.855, 62.552, 37.2241),
(1421, '994e873a-e0ba-4ac2-8495-5ffdecd9bbfc', 1914, 63.8105, 'person', 0.805994, 0.84581, 247.093, 366.122, 232.771),
(1422, '994e873a-e0ba-4ac2-8495-5ffdecd9bbfc', 1914, 63.8105, 'car', 0.587869, 334.861, 232.851, 32.408, 23.0607),
(1423, '994e873a-e0ba-4ac2-8495-5ffdecd9bbfc', 1914, 63.8105, 'person', 0.576351, 0, 248.598, 152.342, 230.485),
(1424, '994e873a-e0ba-4ac2-8495-5ffdecd9bbfc', 1943, 64.7774, 'person', 0.848276, 0, 273.108, 142.244, 206.345),
(1425, '994e873a-e0ba-4ac2-8495-5ffdecd9bbfc', 1943, 64.7774, 'car', 0.827976, 264.172, 230.897, 55.6147, 37.6724),
(1426, '994e873a-e0ba-4ac2-8495-5ffdecd9bbfc', 1943, 64.7774, 'person', 0.617428, 201.098, 358.088, 166.432, 121.461),
(1427, '994e873a-e0ba-4ac2-8495-5ffdecd9bbfc', 1943, 64.7774, 'car', 0.524723, 312.242, 233.82, 27.4657, 22.6067),
(1428, '994e873a-e0ba-4ac2-8495-5ffdecd9bbfc', 1972, 65.7442, 'car', 0.829687, 227.985, 222.925, 55.9439, 32.8034),
(1429, '994e873a-e0ba-4ac2-8495-5ffdecd9bbfc', 1972, 65.7442, 'car', 0.68375, 159.487, 220.534, 43.6933, 27.6656),
(1430, '994e873a-e0ba-4ac2-8495-5ffdecd9bbfc', 1972, 65.7442, 'person', 0.561555, 0, 300.907, 104.626, 178.637),
(1431, '994e873a-e0ba-4ac2-8495-5ffdecd9bbfc', 2001, 66.711, 'person', 0.909637, 106.893, 269.89, 260.698, 209.788),
(1432, '994e873a-e0ba-4ac2-8495-5ffdecd9bbfc', 2001, 66.711, 'car', 0.855225, 271.183, 223.161, 49.0998, 25.0707),
(1433, '994e873a-e0ba-4ac2-8495-5ffdecd9bbfc', 2001, 66.711, 'car', 0.653575, 195.833, 223.021, 57.6956, 39.8301),
(1434, '994e873a-e0ba-4ac2-8495-5ffdecd9bbfc', 2001, 66.711, 'car', 0.544029, 321.46, 220.717, 46.1875, 43.1266),
(1435, '994e873a-e0ba-4ac2-8495-5ffdecd9bbfc', 2030, 67.6778, 'car', 0.821758, 172.012, 228.793, 54.3496, 37.7326),
(1436, '994e873a-e0ba-4ac2-8495-5ffdecd9bbfc', 2030, 67.6778, 'car', 0.794334, 249.036, 229.007, 56.7113, 28.0407),
(1437, '994e873a-e0ba-4ac2-8495-5ffdecd9bbfc', 2030, 67.6778, 'car', 0.76839, 310.616, 224.425, 56.5112, 39.3175),
(1438, '994e873a-e0ba-4ac2-8495-5ffdecd9bbfc', 2030, 67.6778, 'person', 0.691509, 228.103, 391.343, 138.719, 88.2701),
(1439, '994e873a-e0ba-4ac2-8495-5ffdecd9bbfc', 2030, 67.6778, 'car', 0.651102, 67.2616, 219.787, 60.9169, 41.3979),
(1440, '994e873a-e0ba-4ac2-8495-5ffdecd9bbfc', 2030, 67.6778, 'car', 0.588888, 232.384, 230.559, 26.5748, 20.9627),
(1441, '994e873a-e0ba-4ac2-8495-5ffdecd9bbfc', 2030, 67.6778, 'person', 0.569407, 0, 249.602, 127.478, 230.084),
(1442, '994e873a-e0ba-4ac2-8495-5ffdecd9bbfc', 2059, 68.6447, 'car', 0.818748, 230.87, 231.488, 65.9732, 32.9295),
(1443, '994e873a-e0ba-4ac2-8495-5ffdecd9bbfc', 2059, 68.6447, 'car', 0.789038, 306.307, 227.625, 61.187, 47.2463),
(1444, '994e873a-e0ba-4ac2-8495-5ffdecd9bbfc', 2059, 68.6447, 'car', 0.730324, 144.383, 232.002, 50.7338, 38.0465),
(1445, '994e873a-e0ba-4ac2-8495-5ffdecd9bbfc', 2059, 68.6447, 'car', 0.511762, 211.049, 234.026, 31.24, 23.5989),
(1446, '994e873a-e0ba-4ac2-8495-5ffdecd9bbfc', 2088, 69.6115, 'car', 0.872907, 222.244, 225.359, 84.598, 40.9479),
(1447, '994e873a-e0ba-4ac2-8495-5ffdecd9bbfc', 2088, 69.6115, 'person', 0.8268, 0, 269.729, 124.425, 209.825),
(1448, '994e873a-e0ba-4ac2-8495-5ffdecd9bbfc', 2088, 69.6115, 'car', 0.775419, 198.957, 228.382, 35.7628, 27.3748),
(1449, '994e873a-e0ba-4ac2-8495-5ffdecd9bbfc', 2088, 69.6115, 'car', 0.763116, 113.783, 227.021, 52.3851, 36.6976),
(1450, '994e873a-e0ba-4ac2-8495-5ffdecd9bbfc', 2088, 69.6115, 'person', 0.671632, 198.898, 288.344, 168.172, 191.098),
(1451, '994e873a-e0ba-4ac2-8495-5ffdecd9bbfc', 2088, 69.6115, 'car', 0.658901, 323.294, 227.165, 44.1669, 45.2401),
(1452, '994e873a-e0ba-4ac2-8495-5ffdecd9bbfc', 2088, 69.6115, 'truck', 0.529743, 55.2819, 222.701, 42.3373, 29.9916),
(1453, '994e873a-e0ba-4ac2-8495-5ffdecd9bbfc', 2088, 69.6115, 'car', 0.51926, 0, 208.562, 36.051, 47.1795),
(1454, '994e873a-e0ba-4ac2-8495-5ffdecd9bbfc', 2117, 70.5783, 'person', 0.917639, 32.9777, 195.91, 332.835, 282.948),
(1455, '994e873a-e0ba-4ac2-8495-5ffdecd9bbfc', 2117, 70.5783, 'car', 0.890796, 215.172, 222.498, 48.8592, 35.7024),
(1456, '994e873a-e0ba-4ac2-8495-5ffdecd9bbfc', 2117, 70.5783, 'car', 0.827867, 246.218, 217.704, 91.8191, 47.5326),
(1457, '994e873a-e0ba-4ac2-8495-5ffdecd9bbfc', 2117, 70.5783, 'car', 0.729455, 194.946, 218.785, 37.2794, 33.9188),
(1458, '994e873a-e0ba-4ac2-8495-5ffdecd9bbfc', 2146, 71.5451, 'car', 0.89144, 254.961, 221.114, 78.9761, 40.6716),
(1459, '994e873a-e0ba-4ac2-8495-5ffdecd9bbfc', 2146, 71.5451, 'person', 0.81029, 0.015461, 243.437, 108.465, 236.031),
(1460, '994e873a-e0ba-4ac2-8495-5ffdecd9bbfc', 2146, 71.5451, 'car', 0.732752, 226.06, 216.701, 48.727, 43.948),
(1461, '994e873a-e0ba-4ac2-8495-5ffdecd9bbfc', 2146, 71.5451, 'car', 0.635952, 134.219, 224.161, 55.0542, 32.3865),
(1462, '994e873a-e0ba-4ac2-8495-5ffdecd9bbfc', 2146, 71.5451, 'car', 0.550307, 28.8783, 210.409, 70.603, 45.8688),
(1463, '994e873a-e0ba-4ac2-8495-5ffdecd9bbfc', 2146, 71.5451, 'car', 0.510719, 210.805, 227.451, 17.4035, 22.3756),
(1464, '994e873a-e0ba-4ac2-8495-5ffdecd9bbfc', 2175, 72.512, 'car', 0.863995, 302.054, 213.968, 65.0407, 63.5783),
(1465, '994e873a-e0ba-4ac2-8495-5ffdecd9bbfc', 2175, 72.512, 'person', 0.863781, 17.9135, 225.97, 346.752, 253.64),
(1466, '994e873a-e0ba-4ac2-8495-5ffdecd9bbfc', 2175, 72.512, 'car', 0.829553, 249.833, 210.777, 78.6756, 60.3422),
(1467, '994e873a-e0ba-4ac2-8495-5ffdecd9bbfc', 2175, 72.512, 'car', 0.737581, 226.39, 225.488, 29.7775, 27.7599),
(1468, '994e873a-e0ba-4ac2-8495-5ffdecd9bbfc', 2204, 73.4788, 'person', 0.855069, 0, 276.209, 98.456, 203.408),
(1469, '994e873a-e0ba-4ac2-8495-5ffdecd9bbfc', 2204, 73.4788, 'car', 0.849707, 281.573, 194.349, 85.5621, 63.4745),
(1470, '994e873a-e0ba-4ac2-8495-5ffdecd9bbfc', 2204, 73.4788, 'car', 0.800448, 235.467, 222.616, 45.1472, 32.4762),
(1471, '994e873a-e0ba-4ac2-8495-5ffdecd9bbfc', 2204, 73.4788, 'car', 0.75492, 150.475, 224.871, 56.8962, 32.73),
(1472, '994e873a-e0ba-4ac2-8495-5ffdecd9bbfc', 2204, 73.4788, 'car', 0.55858, 208.145, 226.629, 27.9798, 16.8338),
(1473, '994e873a-e0ba-4ac2-8495-5ffdecd9bbfc', 2204, 73.4788, 'bus', 0.557012, 0, 114.592, 368, 363.506),
(1474, '994e873a-e0ba-4ac2-8495-5ffdecd9bbfc', 2233, 74.4456, 'car', 0.866126, 249.534, 220.335, 66.7183, 41.6461),
(1475, '994e873a-e0ba-4ac2-8495-5ffdecd9bbfc', 2233, 74.4456, 'person', 0.824623, 149.262, 282.075, 217.87, 197.515),
(1476, '994e873a-e0ba-4ac2-8495-5ffdecd9bbfc', 2233, 74.4456, 'car', 0.802783, 158.917, 224.758, 56.0337, 40.621),
(1477, '994e873a-e0ba-4ac2-8495-5ffdecd9bbfc', 2233, 74.4456, 'person', 0.664475, 0, 302.417, 102.078, 177.013),
(1478, '994e873a-e0ba-4ac2-8495-5ffdecd9bbfc', 2262, 75.4125, 'person', 0.838681, 202.855, 289.451, 164.081, 190.138),
(1479, '994e873a-e0ba-4ac2-8495-5ffdecd9bbfc', 2262, 75.4125, 'car', 0.783243, 162.147, 223.487, 53.6819, 39.6797),
(1480, '994e873a-e0ba-4ac2-8495-5ffdecd9bbfc', 2262, 75.4125, 'car', 0.760422, 271.335, 215.352, 95.8477, 52.5285),
(1481, '994e873a-e0ba-4ac2-8495-5ffdecd9bbfc', 2262, 75.4125, 'car', 0.536944, 0, 121.844, 367.047, 357.196),
(1482, '994e873a-e0ba-4ac2-8495-5ffdecd9bbfc', 2262, 75.4125, 'person', 0.504678, 0, 311.617, 112.04, 168.085),
(1483, '994e873a-e0ba-4ac2-8495-5ffdecd9bbfc', 2291, 76.3793, 'person', 0.822893, 200.679, 288.939, 166.649, 190.399),
(1484, '994e873a-e0ba-4ac2-8495-5ffdecd9bbfc', 2291, 76.3793, 'car', 0.714451, 313.523, 205.569, 53.8993, 56.3985),
(1485, '994e873a-e0ba-4ac2-8495-5ffdecd9bbfc', 2291, 76.3793, 'person', 0.654851, 0, 290.044, 117.467, 189.574),
(1486, '994e873a-e0ba-4ac2-8495-5ffdecd9bbfc', 2291, 76.3793, 'cell phone', 0.653709, 0, 307.083, 63.8618, 72.5967),
(1487, '994e873a-e0ba-4ac2-8495-5ffdecd9bbfc', 2291, 76.3793, 'person', 0.525512, 98.2903, 210.214, 19.5983, 45.9779),
(1488, '994e873a-e0ba-4ac2-8495-5ffdecd9bbfc', 2291, 76.3793, 'car', 0.504509, 201.081, 221.693, 37.2392, 24.374),
(1489, '994e873a-e0ba-4ac2-8495-5ffdecd9bbfc', 2320, 77.3461, 'person', 0.840367, 204.131, 328.95, 163.235, 150.658),
(1490, '994e873a-e0ba-4ac2-8495-5ffdecd9bbfc', 2320, 77.3461, 'person', 0.710579, 0, 278.285, 133.012, 201.405),
(1491, '994e873a-e0ba-4ac2-8495-5ffdecd9bbfc', 2349, 78.3129, 'person', 0.831042, 0, 244.727, 125.431, 234.779),
(1492, '994e873a-e0ba-4ac2-8495-5ffdecd9bbfc', 2349, 78.3129, 'car', 0.679962, 206.433, 215.047, 66.7627, 35.7313),
(1493, '994e873a-e0ba-4ac2-8495-5ffdecd9bbfc', 2349, 78.3129, 'person', 0.670565, 208.762, 351.782, 158.058, 127.804),
(1494, '994e873a-e0ba-4ac2-8495-5ffdecd9bbfc', 2349, 78.3129, 'car', 0.594261, 126.483, 219.393, 57.6179, 28.652),
(1495, '994e873a-e0ba-4ac2-8495-5ffdecd9bbfc', 2378, 79.2798, 'person', 0.881585, 0, 261.22, 115.366, 218.268),
(1496, '994e873a-e0ba-4ac2-8495-5ffdecd9bbfc', 2378, 79.2798, 'car', 0.789465, 245.635, 208.684, 92.1168, 45.5528),
(1497, '994e873a-e0ba-4ac2-8495-5ffdecd9bbfc', 2378, 79.2798, 'car', 0.745143, 210.664, 220.26, 23.2633, 21.988),
(1498, '994e873a-e0ba-4ac2-8495-5ffdecd9bbfc', 2378, 79.2798, 'person', 0.724512, 222.457, 342.435, 144.336, 137.124),
(1499, '994e873a-e0ba-4ac2-8495-5ffdecd9bbfc', 2378, 79.2798, 'car', 0.652527, 226.862, 218.546, 29.285, 29.5644),
(1500, '994e873a-e0ba-4ac2-8495-5ffdecd9bbfc', 2378, 79.2798, 'car', 0.6042, 141.455, 220.142, 55.9276, 33.0703),
(1501, '994e873a-e0ba-4ac2-8495-5ffdecd9bbfc', 2407, 80.2466, 'car', 0.82665, 247.179, 212.719, 39.9857, 36.3593),
(1502, '994e873a-e0ba-4ac2-8495-5ffdecd9bbfc', 2407, 80.2466, 'person', 0.824437, 219.253, 342.145, 147.952, 137.23),
(1503, '994e873a-e0ba-4ac2-8495-5ffdecd9bbfc', 2407, 80.2466, 'car', 0.815089, 273.002, 209.138, 60.6556, 41.3214),
(1504, '994e873a-e0ba-4ac2-8495-5ffdecd9bbfc', 2407, 80.2466, 'person', 0.769969, 0, 268.257, 111.068, 211.224),
(1505, '994e873a-e0ba-4ac2-8495-5ffdecd9bbfc', 2407, 80.2466, 'car', 0.746537, 146.821, 215.989, 58.0351, 30.5889),
(1506, '994e873a-e0ba-4ac2-8495-5ffdecd9bbfc', 2407, 80.2466, 'car', 0.724211, 219.601, 215.865, 33.9562, 27.9889),
(1507, '994e873a-e0ba-4ac2-8495-5ffdecd9bbfc', 2407, 80.2466, 'car', 0.626899, 309.285, 189.809, 57.6393, 59.8732),
(1508, '994e873a-e0ba-4ac2-8495-5ffdecd9bbfc', 2436, 81.2134, 'car', 0.863878, 273.593, 207.485, 93.3662, 49.2363),
(1509, '994e873a-e0ba-4ac2-8495-5ffdecd9bbfc', 2436, 81.2134, 'person', 0.862879, 0, 270.716, 121.236, 208.794),
(1510, '994e873a-e0ba-4ac2-8495-5ffdecd9bbfc', 2436, 81.2134, 'person', 0.724617, 234.183, 349.072, 132.701, 130.449),
(1511, '994e873a-e0ba-4ac2-8495-5ffdecd9bbfc', 2436, 81.2134, 'car', 0.651183, 221.813, 215.212, 58.229, 37.1683),
(1512, '994e873a-e0ba-4ac2-8495-5ffdecd9bbfc', 2436, 81.2134, 'car', 0.636054, 143.411, 217.046, 62.7014, 36.4016),
(1513, '994e873a-e0ba-4ac2-8495-5ffdecd9bbfc', 2465, 82.1802, 'person', 0.862837, 0, 264.37, 126.849, 215.352),
(1514, '994e873a-e0ba-4ac2-8495-5ffdecd9bbfc', 2465, 82.1802, 'person', 0.63958, 202.16, 252.868, 165.589, 225.52),
(1515, '994e873a-e0ba-4ac2-8495-5ffdecd9bbfc', 2465, 82.1802, 'car', 0.602756, 229.433, 219.546, 35.4947, 34.042),
(1516, '994e873a-e0ba-4ac2-8495-5ffdecd9bbfc', 2494, 83.1471, 'person', 0.666907, 0.931252, 252.306, 212.959, 227.105),
(1517, '994e873a-e0ba-4ac2-8495-5ffdecd9bbfc', 2494, 83.1471, 'person', 0.612155, 230.875, 377.264, 136.505, 102.487),
(1518, '994e873a-e0ba-4ac2-8495-5ffdecd9bbfc', 2494, 83.1471, 'car', 0.578425, 244.267, 221.988, 58.6398, 37.6117),
(1519, '994e873a-e0ba-4ac2-8495-5ffdecd9bbfc', 2494, 83.1471, 'car', 0.513358, 151.78, 228.384, 63.2688, 29.9417),
(1520, '994e873a-e0ba-4ac2-8495-5ffdecd9bbfc', 2523, 84.1139, 'car', 0.788723, 276.272, 217.675, 90.8611, 54.727),
(1521, '994e873a-e0ba-4ac2-8495-5ffdecd9bbfc', 2523, 84.1139, 'person', 0.744933, 0, 271.41, 132.88, 208.293),
(1522, '994e873a-e0ba-4ac2-8495-5ffdecd9bbfc', 2552, 85.0807, 'person', 0.860553, 0, 279.613, 127.752, 200.062),
(1523, '994e873a-e0ba-4ac2-8495-5ffdecd9bbfc', 2552, 85.0807, 'person', 0.775743, 228.728, 367.331, 137.781, 112.304),
(1524, '994e873a-e0ba-4ac2-8495-5ffdecd9bbfc', 2581, 86.0475, 'car', 0.529436, 235.431, 235.779, 39.6233, 29.1515),
(1525, '994e873a-e0ba-4ac2-8495-5ffdecd9bbfc', 2610, 87.0144, 'car', 0.755093, 163.782, 235.774, 52.5747, 30.065),
(1526, '994e873a-e0ba-4ac2-8495-5ffdecd9bbfc', 2610, 87.0144, 'person', 0.743251, 245.921, 370.589, 120.8, 108.849),
(1527, '994e873a-e0ba-4ac2-8495-5ffdecd9bbfc', 2610, 87.0144, 'car', 0.552149, 247.078, 229.869, 54.5037, 37.5665),
(1528, '994e873a-e0ba-4ac2-8495-5ffdecd9bbfc', 2639, 87.9812, 'car', 0.713179, 157.509, 232.952, 51.0975, 28.9639),
(1529, '994e873a-e0ba-4ac2-8495-5ffdecd9bbfc', 2639, 87.9812, 'car', 0.704841, 107.57, 233.75, 32.2174, 23.3079),
(1530, '994e873a-e0ba-4ac2-8495-5ffdecd9bbfc', 2639, 87.9812, 'car', 0.647076, 264.988, 220.243, 92.0624, 45.5158),
(1531, '994e873a-e0ba-4ac2-8495-5ffdecd9bbfc', 2639, 87.9812, 'car', 0.621633, 238.251, 232.321, 36.1806, 31.7305),
(1532, '994e873a-e0ba-4ac2-8495-5ffdecd9bbfc', 2668, 88.948, 'car', 0.871508, 249.537, 225.759, 66.2437, 38.438),
(1533, '994e873a-e0ba-4ac2-8495-5ffdecd9bbfc', 2668, 88.948, 'person', 0.870175, 0, 261.931, 150.961, 217.706),
(1534, '994e873a-e0ba-4ac2-8495-5ffdecd9bbfc', 2668, 88.948, 'car', 0.788258, 75.2619, 228.581, 44.2001, 31.5578),
(1535, '994e873a-e0ba-4ac2-8495-5ffdecd9bbfc', 2668, 88.948, 'car', 0.751405, 224.865, 230.698, 35.5137, 33.2049),
(1536, '994e873a-e0ba-4ac2-8495-5ffdecd9bbfc', 2668, 88.948, 'car', 0.73188, 308.945, 201.305, 58.6117, 63.0341),
(1537, '994e873a-e0ba-4ac2-8495-5ffdecd9bbfc', 2668, 88.948, 'person', 0.619688, 249.347, 381.082, 117.501, 98.3718),
(1538, '994e873a-e0ba-4ac2-8495-5ffdecd9bbfc', 2668, 88.948, 'car', 0.559146, 151.887, 230.52, 48.1168, 31.0071),
(1539, '994e873a-e0ba-4ac2-8495-5ffdecd9bbfc', 2697, 89.9148, 'person', 0.83468, 0, 253.322, 136.971, 226.049),
(1540, '994e873a-e0ba-4ac2-8495-5ffdecd9bbfc', 2697, 89.9148, 'car', 0.80126, 244.955, 225.554, 59.9542, 36.5586),
(1541, '994e873a-e0ba-4ac2-8495-5ffdecd9bbfc', 2697, 89.9148, 'car', 0.784479, 286.999, 214.317, 80.5535, 50.7178),
(1542, '994e873a-e0ba-4ac2-8495-5ffdecd9bbfc', 2697, 89.9148, 'car', 0.614762, 31.766, 225.369, 60.7549, 35.1771),
(1543, '994e873a-e0ba-4ac2-8495-5ffdecd9bbfc', 2726, 90.8817, 'person', 0.877863, 0, 252.085, 134.107, 226.771),
(1544, '994e873a-e0ba-4ac2-8495-5ffdecd9bbfc', 2726, 90.8817, 'car', 0.824471, 258.298, 226.042, 55.5843, 36.8838),
(1545, '994e873a-e0ba-4ac2-8495-5ffdecd9bbfc', 2726, 90.8817, 'car', 0.729064, 291.424, 214.087, 76.1623, 49.7956),
(1546, '994e873a-e0ba-4ac2-8495-5ffdecd9bbfc', 2726, 90.8817, 'person', 0.527613, 249.584, 377.628, 117.187, 101.945),
(1547, '994e873a-e0ba-4ac2-8495-5ffdecd9bbfc', 2755, 91.8485, 'person', 0.854387, 0, 248.38, 109.318, 230.788),
(1548, '994e873a-e0ba-4ac2-8495-5ffdecd9bbfc', 2755, 91.8485, 'car', 0.790786, 267.175, 221.421, 74.5729, 40.8515),
(1549, '994e873a-e0ba-4ac2-8495-5ffdecd9bbfc', 2755, 91.8485, 'car', 0.775772, 225.509, 229.784, 31.9014, 22.4148),
(1550, '994e873a-e0ba-4ac2-8495-5ffdecd9bbfc', 2755, 91.8485, 'car', 0.567539, 313.364, 213.076, 53.6104, 49.3981),
(1551, '994e873a-e0ba-4ac2-8495-5ffdecd9bbfc', 2755, 91.8485, 'person', 0.535771, 208.975, 339.174, 158.069, 140.264),
(1552, '994e873a-e0ba-4ac2-8495-5ffdecd9bbfc', 2784, 92.8153, 'person', 0.863418, 0, 243.505, 126.379, 235.416),
(1553, '994e873a-e0ba-4ac2-8495-5ffdecd9bbfc', 2784, 92.8153, 'car', 0.825125, 246.922, 220.629, 42.0863, 30.6413),
(1554, '994e873a-e0ba-4ac2-8495-5ffdecd9bbfc', 2784, 92.8153, 'person', 0.799392, 226.877, 361.562, 140.135, 118.087),
(1555, '994e873a-e0ba-4ac2-8495-5ffdecd9bbfc', 2813, 93.7822, 'person', 0.880144, 0, 243.835, 131.866, 234.924),
(1556, '994e873a-e0ba-4ac2-8495-5ffdecd9bbfc', 2813, 93.7822, 'car', 0.835123, 275.23, 214.303, 60.0324, 38.5108),
(1557, '994e873a-e0ba-4ac2-8495-5ffdecd9bbfc', 2813, 93.7822, 'car', 0.607137, 184.37, 218.565, 43.9612, 32.8688),
(1558, '994e873a-e0ba-4ac2-8495-5ffdecd9bbfc', 2813, 93.7822, 'person', 0.603964, 249.202, 381.9, 117.397, 97.5606),
(1559, '994e873a-e0ba-4ac2-8495-5ffdecd9bbfc', 2813, 93.7822, 'car', 0.557108, 230.875, 220.168, 19.2493, 18.3787),
(1560, '994e873a-e0ba-4ac2-8495-5ffdecd9bbfc', 2813, 93.7822, 'car', 0.540715, 246.433, 216.576, 25.9719, 26.3401),
(1561, '994e873a-e0ba-4ac2-8495-5ffdecd9bbfc', 2842, 94.749, 'person', 0.885534, 0, 243.687, 151.442, 235.512),
(1562, '994e873a-e0ba-4ac2-8495-5ffdecd9bbfc', 2842, 94.749, 'car', 0.779088, 259.311, 213.527, 37.9035, 34.5241),
(1563, '994e873a-e0ba-4ac2-8495-5ffdecd9bbfc', 2842, 94.749, 'car', 0.758416, 287.857, 213.766, 47.8183, 35.4769),
(1564, '994e873a-e0ba-4ac2-8495-5ffdecd9bbfc', 2842, 94.749, 'car', 0.7402, 318.372, 206.715, 48.9414, 43.9796),
(1565, '994e873a-e0ba-4ac2-8495-5ffdecd9bbfc', 2842, 94.749, 'car', 0.71243, 236.832, 219.241, 28.0567, 21.5179),
(1566, '994e873a-e0ba-4ac2-8495-5ffdecd9bbfc', 2842, 94.749, 'person', 0.662454, 265.715, 384.122, 101.488, 95.3758),
(1567, '994e873a-e0ba-4ac2-8495-5ffdecd9bbfc', 2842, 94.749, 'car', 0.515173, 185.387, 216.494, 45.5338, 28.4989),
(1568, '994e873a-e0ba-4ac2-8495-5ffdecd9bbfc', 2871, 95.7158, 'car', 0.648415, 279.148, 204.062, 65.2822, 43.2616),
(1569, '994e873a-e0ba-4ac2-8495-5ffdecd9bbfc', 2871, 95.7158, 'person', 0.62639, 0, 238.19, 152.441, 241.081),
(1570, '994e873a-e0ba-4ac2-8495-5ffdecd9bbfc', 2871, 95.7158, 'car', 0.615109, 240.057, 216.251, 45.1291, 29.6294),
(1571, '994e873a-e0ba-4ac2-8495-5ffdecd9bbfc', 2871, 95.7158, 'person', 0.518357, 152.19, 215.372, 11.0399, 22.791),
(1572, '994e873a-e0ba-4ac2-8495-5ffdecd9bbfc', 2900, 96.6826, 'person', 0.87457, 0, 239.212, 154.828, 239.871),
(1573, '994e873a-e0ba-4ac2-8495-5ffdecd9bbfc', 2900, 96.6826, 'car', 0.861162, 255.892, 215.248, 63.5232, 41.174),
(1574, '994e873a-e0ba-4ac2-8495-5ffdecd9bbfc', 2900, 96.6826, 'car', 0.795084, 318.03, 191.321, 49.1957, 67.9841),
(1575, '994e873a-e0ba-4ac2-8495-5ffdecd9bbfc', 2900, 96.6826, 'person', 0.640702, 106.863, 206.993, 12.3176, 37.3102),
(1576, '994e873a-e0ba-4ac2-8495-5ffdecd9bbfc', 2900, 96.6826, 'car', 0.615983, 173.631, 216.825, 45.3386, 22.0544),
(1577, '994e873a-e0ba-4ac2-8495-5ffdecd9bbfc', 2900, 96.6826, 'person', 0.55493, 138.898, 215.455, 15.0343, 28.8299),
(1578, '994e873a-e0ba-4ac2-8495-5ffdecd9bbfc', 2900, 96.6826, 'car', 0.543327, 243.711, 218.327, 26.0242, 23.358),
(1579, '994e873a-e0ba-4ac2-8495-5ffdecd9bbfc', 2929, 97.6495, 'person', 0.892885, 0, 234.393, 155.069, 244.929),
(1580, '994e873a-e0ba-4ac2-8495-5ffdecd9bbfc', 2929, 97.6495, 'car', 0.826771, 285.079, 215.47, 82.1405, 44.3844),
(1581, '994e873a-e0ba-4ac2-8495-5ffdecd9bbfc', 2929, 97.6495, 'car', 0.717994, 257.185, 222.303, 40.9382, 29.3829),
(1582, '994e873a-e0ba-4ac2-8495-5ffdecd9bbfc', 2929, 97.6495, 'car', 0.652712, 173.795, 221.007, 45.7137, 21.5581),
(1583, '994e873a-e0ba-4ac2-8495-5ffdecd9bbfc', 2929, 97.6495, 'person', 0.524168, 243.009, 360.541, 123.845, 119.134),
(1584, '994e873a-e0ba-4ac2-8495-5ffdecd9bbfc', 2958, 98.6163, 'person', 0.887744, 0, 241.45, 157.991, 237.873),
(1585, '994e873a-e0ba-4ac2-8495-5ffdecd9bbfc', 2958, 98.6163, 'car', 0.759686, 272.434, 225.715, 63.7135, 37.3829),
(1586, '994e873a-e0ba-4ac2-8495-5ffdecd9bbfc', 2958, 98.6163, 'car', 0.545593, 175.189, 225.942, 48.0101, 30.3001),
(1587, '994e873a-e0ba-4ac2-8495-5ffdecd9bbfc', 2987, 99.5831, 'person', 0.896925, 0, 251.764, 140.716, 227.586),
(1588, '994e873a-e0ba-4ac2-8495-5ffdecd9bbfc', 2987, 99.5831, 'car', 0.779894, 288.849, 219.635, 78.212, 47.838),
(1589, '994e873a-e0ba-4ac2-8495-5ffdecd9bbfc', 3016, 100.55, 'person', 0.890375, 0, 244.467, 128.404, 234.577),
(1590, '994e873a-e0ba-4ac2-8495-5ffdecd9bbfc', 3016, 100.55, 'cell phone', 0.606977, 93.403, 255.038, 176.267, 73.9098),
(1591, '994e873a-e0ba-4ac2-8495-5ffdecd9bbfc', 3016, 100.55, 'person', 0.536227, 265.797, 383.782, 101.692, 95.8023),
(1592, '994e873a-e0ba-4ac2-8495-5ffdecd9bbfc', 3045, 101.517, 'person', 0.807869, 0, 338.988, 227.356, 140.704),
(1593, '994e873a-e0ba-4ac2-8495-5ffdecd9bbfc', 3045, 101.517, 'person', 0.608533, 266.682, 382.584, 100.774, 97.0324),
(1594, '994e873a-e0ba-4ac2-8495-5ffdecd9bbfc', 3074, 102.484, 'person', 0.644775, 142.579, 187.768, 215.276, 291.422),
(1595, '994e873a-e0ba-4ac2-8495-5ffdecd9bbfc', 3074, 102.484, 'person', 0.511225, 0, 293.534, 207.923, 186.225),
(1596, '994e873a-e0ba-4ac2-8495-5ffdecd9bbfc', 3132, 104.417, 'person', 0.745517, 204.949, 51.6961, 161.442, 427.101),
(1597, '994e873a-e0ba-4ac2-8495-5ffdecd9bbfc', 3132, 104.417, 'person', 0.709502, 0, 213.015, 150.61, 266.341),
(1598, '994e873a-e0ba-4ac2-8495-5ffdecd9bbfc', 3161, 105.384, 'person', 0.846425, 263.055, 337.693, 104.208, 141.957),
(1599, '994e873a-e0ba-4ac2-8495-5ffdecd9bbfc', 3190, 106.351, 'person', 0.657602, 325.976, 210.148, 19.6071, 41.4037),
(1600, '994e873a-e0ba-4ac2-8495-5ffdecd9bbfc', 3219, 107.318, 'car', 0.601126, 15.2345, 231.106, 47.2758, 22.1429),
(1601, '994e873a-e0ba-4ac2-8495-5ffdecd9bbfc', 3219, 107.318, 'person', 0.582879, 258.344, 378.453, 108.493, 101.142),
(1602, '994e873a-e0ba-4ac2-8495-5ffdecd9bbfc', 3219, 107.318, 'car', 0.576603, 0, 230.198, 14.0978, 27.9073),
(1603, '994e873a-e0ba-4ac2-8495-5ffdecd9bbfc', 3248, 108.285, 'person', 0.690018, 230.977, 378.31, 136.266, 101.43),
(1604, '994e873a-e0ba-4ac2-8495-5ffdecd9bbfc', 3277, 109.251, 'person', 0.753179, 0, 320.75, 114.257, 159.031),
(1605, '994e873a-e0ba-4ac2-8495-5ffdecd9bbfc', 3306, 110.218, 'person', 0.555804, 208.683, 325.87, 158.523, 153.474),
(1606, '994e873a-e0ba-4ac2-8495-5ffdecd9bbfc', 3306, 110.218, 'car', 0.549992, 217.225, 239.982, 51.0342, 21.4407),
(1607, '994e873a-e0ba-4ac2-8495-5ffdecd9bbfc', 3335, 111.185, 'person', 0.512424, 0, 321.042, 140.855, 158.576),
(1608, '994e873a-e0ba-4ac2-8495-5ffdecd9bbfc', 3364, 112.152, 'person', 0.861538, 6.98337, 234.004, 359.454, 245.426),
(1609, '994e873a-e0ba-4ac2-8495-5ffdecd9bbfc', 3393, 113.119, 'car', 0.870515, 19.5553, 281.177, 100.737, 32.2996),
(1610, '994e873a-e0ba-4ac2-8495-5ffdecd9bbfc', 3393, 113.119, 'car', 0.508097, 196.924, 283.156, 51.3654, 23.6929),
(1611, '994e873a-e0ba-4ac2-8495-5ffdecd9bbfc', 3422, 114.086, 'car', 0.82789, 43.4556, 286.714, 92.1383, 36.9668),
(1612, '994e873a-e0ba-4ac2-8495-5ffdecd9bbfc', 3422, 114.086, 'car', 0.799636, 186.492, 290.409, 101.224, 31.9219),
(1613, '994e873a-e0ba-4ac2-8495-5ffdecd9bbfc', 3422, 114.086, 'car', 0.656582, 307.072, 293.962, 39.68, 25.4083),
(1614, '994e873a-e0ba-4ac2-8495-5ffdecd9bbfc', 3422, 114.086, 'car', 0.589812, 342.622, 294.871, 24.4447, 23.9657),
(1615, '994e873a-e0ba-4ac2-8495-5ffdecd9bbfc', 3451, 115.052, 'car', 0.865365, 36.4903, 271.372, 122.941, 49.5221),
(1616, '994e873a-e0ba-4ac2-8495-5ffdecd9bbfc', 3451, 115.052, 'car', 0.69872, 126.545, 277.329, 81.8217, 28.9406),
(1617, '994e873a-e0ba-4ac2-8495-5ffdecd9bbfc', 3451, 115.052, 'car', 0.651873, 212.313, 280.719, 80.2998, 25.5165),
(1618, '994e873a-e0ba-4ac2-8495-5ffdecd9bbfc', 3451, 115.052, 'car', 0.640046, 0.674194, 393.171, 365.088, 86.181),
(1619, '994e873a-e0ba-4ac2-8495-5ffdecd9bbfc', 3451, 115.052, 'car', 0.527476, 289.021, 283.294, 38.2256, 22.1476),
(1620, '994e873a-e0ba-4ac2-8495-5ffdecd9bbfc', 3480, 116.019, 'car', 0.869945, 29.5194, 264.378, 188.859, 72.2094),
(1621, '994e873a-e0ba-4ac2-8495-5ffdecd9bbfc', 3480, 116.019, 'car', 0.535198, 297.521, 283.868, 58.4951, 17.4922),
(1622, '994e873a-e0ba-4ac2-8495-5ffdecd9bbfc', 3509, 116.986, 'car', 0.618559, 151.798, 271.479, 29.5356, 16.3322),
(1623, '994e873a-e0ba-4ac2-8495-5ffdecd9bbfc', 3509, 116.986, 'chair', 0.517045, 289.499, 340.341, 77.6147, 139.354),
(1624, '994e873a-e0ba-4ac2-8495-5ffdecd9bbfc', 3538, 117.953, 'person', 0.752665, 35.246, 83.1295, 330.638, 396.467),
(1625, '994e873a-e0ba-4ac2-8495-5ffdecd9bbfc', 3567, 118.92, 'person', 0.813148, 0.113594, 81.299, 199.238, 397.732),
(1626, '994e873a-e0ba-4ac2-8495-5ffdecd9bbfc', 3567, 118.92, 'car', 0.656918, 319.19, 232.838, 48.3272, 34.6299),
(1627, '994e873a-e0ba-4ac2-8495-5ffdecd9bbfc', 3596, 119.886, 'person', 0.691671, 0.508038, 276.755, 128.726, 202.919),
(1628, '994e873a-e0ba-4ac2-8495-5ffdecd9bbfc', 3596, 119.886, 'car', 0.67516, 286.789, 234.273, 35.2688, 21.4279),
(1629, '994e873a-e0ba-4ac2-8495-5ffdecd9bbfc', 3596, 119.886, 'car', 0.576696, 0, 227.041, 97.1535, 48.6243),
(1630, '994e873a-e0ba-4ac2-8495-5ffdecd9bbfc', 3625, 120.853, 'car', 0.667987, 321.67, 227.519, 36.8895, 35.901),
(1631, '994e873a-e0ba-4ac2-8495-5ffdecd9bbfc', 3625, 120.853, 'car', 0.583906, 274.863, 231.221, 23.2708, 16.8172),
(1632, '994e873a-e0ba-4ac2-8495-5ffdecd9bbfc', 3625, 120.853, 'person', 0.538092, 0.259129, 341.944, 173.781, 137.741),
(1633, '994e873a-e0ba-4ac2-8495-5ffdecd9bbfc', 3625, 120.853, 'car', 0.529728, 150.398, 231.764, 71.7739, 37.9341),
(1634, '994e873a-e0ba-4ac2-8495-5ffdecd9bbfc', 3654, 121.82, 'person', 0.84931, 0, 242.725, 136.409, 236.633),
(1635, '994e873a-e0ba-4ac2-8495-5ffdecd9bbfc', 3654, 121.82, 'car', 0.832758, 213.887, 227.619, 38.731, 24.3595),
(1636, '994e873a-e0ba-4ac2-8495-5ffdecd9bbfc', 3654, 121.82, 'car', 0.655095, 305.557, 222.329, 34.7637, 40.1156),
(1637, '994e873a-e0ba-4ac2-8495-5ffdecd9bbfc', 3654, 121.82, 'car', 0.546878, 276.615, 226.081, 17.3626, 13.5087),
(1638, '994e873a-e0ba-4ac2-8495-5ffdecd9bbfc', 3654, 121.82, 'person', 0.520889, 197.837, 342.189, 169.514, 137.307),
(1639, '994e873a-e0ba-4ac2-8495-5ffdecd9bbfc', 3683, 122.787, 'person', 0.790186, 43.7051, 225.162, 324.146, 254.127),
(1640, '994e873a-e0ba-4ac2-8495-5ffdecd9bbfc', 3683, 122.787, 'car', 0.679943, 65.9665, 226.582, 76.9743, 44.8287),
(1641, '994e873a-e0ba-4ac2-8495-5ffdecd9bbfc', 3712, 123.754, 'person', 0.768454, 0.446869, 205.326, 365.152, 273.905),
(1642, '994e873a-e0ba-4ac2-8495-5ffdecd9bbfc', 3712, 123.754, 'car', 0.618622, 234.495, 222.403, 46.1729, 29.2953),
(1643, '994e873a-e0ba-4ac2-8495-5ffdecd9bbfc', 3741, 124.721, 'person', 0.608969, 190.81, 119.509, 176.473, 179.442),
(1644, '994e873a-e0ba-4ac2-8495-5ffdecd9bbfc', 3770, 125.687, 'chair', 0.648682, 185.779, 333.589, 180.991, 145.933),
(1645, '994e873a-e0ba-4ac2-8495-5ffdecd9bbfc', 3770, 125.687, 'person', 0.62744, 184.373, 57.9416, 182.839, 419.498),
(1646, '994e873a-e0ba-4ac2-8495-5ffdecd9bbfc', 3799, 126.654, 'chair', 0.604623, 203.074, 340.98, 164.096, 138.617),
(1647, '994e873a-e0ba-4ac2-8495-5ffdecd9bbfc', 3857, 128.588, 'chair', 0.565242, 200.598, 349.764, 166.561, 129.835),
(1648, '994e873a-e0ba-4ac2-8495-5ffdecd9bbfc', 3886, 129.555, 'person', 0.797752, 188.468, 138.612, 179.051, 205.465),
(1649, '994e873a-e0ba-4ac2-8495-5ffdecd9bbfc', 3886, 129.555, 'chair', 0.606007, 54.1763, 292.546, 312.955, 186.859),
(1650, '994e873a-e0ba-4ac2-8495-5ffdecd9bbfc', 3915, 130.522, 'car', 0.76832, 279.767, 216.583, 87.5041, 50.4075),
(1651, '994e873a-e0ba-4ac2-8495-5ffdecd9bbfc', 3915, 130.522, 'person', 0.711303, 1.28362, 123.253, 306.125, 342.946),
(1652, '994e873a-e0ba-4ac2-8495-5ffdecd9bbfc', 3915, 130.522, 'person', 0.52913, 215.286, 298.133, 151.528, 181.039),
(1653, '994e873a-e0ba-4ac2-8495-5ffdecd9bbfc', 3944, 131.488, 'person', 0.769993, 119.398, 188.379, 248.513, 291.014),
(1654, '994e873a-e0ba-4ac2-8495-5ffdecd9bbfc', 3973, 132.455, 'person', 0.76539, 80.0599, 262.721, 287.152, 216.68),
(1655, '994e873a-e0ba-4ac2-8495-5ffdecd9bbfc', 3973, 132.455, 'car', 0.608307, 289.179, 233.214, 36.3679, 25.5535),
(1656, '994e873a-e0ba-4ac2-8495-5ffdecd9bbfc', 4002, 133.422, 'person', 0.670061, 62.7276, 267.288, 302.694, 212.112),
(1657, '994e873a-e0ba-4ac2-8495-5ffdecd9bbfc', 4002, 133.422, 'car', 0.623895, 175.577, 225.052, 77.8475, 46.9671),
(1658, '994e873a-e0ba-4ac2-8495-5ffdecd9bbfc', 4002, 133.422, 'person', 0.579408, 0, 173.566, 145.585, 301.604),
(1659, '994e873a-e0ba-4ac2-8495-5ffdecd9bbfc', 4002, 133.422, 'car', 0.57638, 302.239, 230.891, 27.9131, 19.4436),
(1660, '994e873a-e0ba-4ac2-8495-5ffdecd9bbfc', 4031, 134.389, 'person', 0.843, 0.127682, 193.678, 140.615, 282.809),
(1661, '994e873a-e0ba-4ac2-8495-5ffdecd9bbfc', 4031, 134.389, 'car', 0.676652, 252.875, 226.389, 41.7505, 30.1206),
(1662, '994e873a-e0ba-4ac2-8495-5ffdecd9bbfc', 4060, 135.356, 'person', 0.827059, 0.36676, 212.465, 126.137, 263.336),
(1663, '994e873a-e0ba-4ac2-8495-5ffdecd9bbfc', 4089, 136.323, 'person', 0.83759, 0, 206.219, 120.251, 271.926),
(1664, '994e873a-e0ba-4ac2-8495-5ffdecd9bbfc', 4089, 136.323, 'car', 0.697317, 216.146, 229.126, 45.2091, 27.1147),
(1665, '994e873a-e0ba-4ac2-8495-5ffdecd9bbfc', 4089, 136.323, 'person', 0.516533, 59.159, 279.146, 308.841, 200.208),
(1666, '994e873a-e0ba-4ac2-8495-5ffdecd9bbfc', 4118, 137.289, 'person', 0.823579, 0, 140.244, 361.843, 339.159),
(1667, '994e873a-e0ba-4ac2-8495-5ffdecd9bbfc', 4118, 137.289, 'car', 0.654768, 253.331, 227.255, 31.6328, 20.0278),
(1668, '994e873a-e0ba-4ac2-8495-5ffdecd9bbfc', 4118, 137.289, 'car', 0.618184, 319.103, 223.128, 36.3739, 43.7837),
(1669, '994e873a-e0ba-4ac2-8495-5ffdecd9bbfc', 4147, 138.256, 'car', 0.867983, 74.301, 224.055, 98.3919, 43.0838),
(1670, '994e873a-e0ba-4ac2-8495-5ffdecd9bbfc', 4147, 138.256, 'person', 0.849881, 0, 149.737, 367.009, 329.717),
(1671, '994e873a-e0ba-4ac2-8495-5ffdecd9bbfc', 4176, 139.223, 'person', 0.880931, 0.583694, 135.382, 362.152, 343.761),
(1672, '994e873a-e0ba-4ac2-8495-5ffdecd9bbfc', 4176, 139.223, 'car', 0.803869, 70.4967, 214.86, 129.943, 51.7207),
(1673, '994e873a-e0ba-4ac2-8495-5ffdecd9bbfc', 4176, 139.223, 'car', 0.795345, 200.38, 225.89, 58.6288, 33.7276),
(1674, '994e873a-e0ba-4ac2-8495-5ffdecd9bbfc', 4176, 139.223, 'car', 0.55195, 316.217, 224.726, 15.0865, 14.9927),
(1675, '994e873a-e0ba-4ac2-8495-5ffdecd9bbfc', 4234, 141.157, 'car', 0.56411, 0, 281.939, 287.274, 153.804),
(1676, '994e873a-e0ba-4ac2-8495-5ffdecd9bbfc', 4234, 141.157, 'car', 0.545486, 307.176, 256.456, 59.9499, 20.5536),
(1677, '994e873a-e0ba-4ac2-8495-5ffdecd9bbfc', 4263, 142.123, 'car', 0.668142, 0, 220.071, 367.497, 210.742),
(1678, '994e873a-e0ba-4ac2-8495-5ffdecd9bbfc', 4292, 143.09, 'car', 0.691657, 81.0959, 219.977, 230.692, 168.203),
(1679, '994e873a-e0ba-4ac2-8495-5ffdecd9bbfc', 4321, 144.057, 'car', 0.637562, 125.603, 238.856, 92.9414, 75.5594),
(1680, '994e873a-e0ba-4ac2-8495-5ffdecd9bbfc', 4350, 145.024, 'person', 0.862107, 0.607956, 138.194, 221.184, 341.009),
(1681, '994e873a-e0ba-4ac2-8495-5ffdecd9bbfc', 4350, 145.024, 'car', 0.60629, 97.8145, 235.172, 125.632, 55.6617),
(1682, '994e873a-e0ba-4ac2-8495-5ffdecd9bbfc', 4379, 145.991, 'car', 0.884835, 12.5011, 231.987, 139.325, 53.8118),
(1683, '994e873a-e0ba-4ac2-8495-5ffdecd9bbfc', 4379, 145.991, 'car', 0.840495, 279.616, 237.866, 57.0486, 37.2858),
(1684, '994e873a-e0ba-4ac2-8495-5ffdecd9bbfc', 4379, 145.991, 'person', 0.755251, 0, 174.202, 206.751, 305.257),
(1685, '994e873a-e0ba-4ac2-8495-5ffdecd9bbfc', 4408, 146.958, 'car', 0.913835, 237.889, 231.942, 70.6239, 46.1816),
(1686, '994e873a-e0ba-4ac2-8495-5ffdecd9bbfc', 4408, 146.958, 'person', 0.823175, 0, 178.078, 190.678, 301.258),
(1687, '994e873a-e0ba-4ac2-8495-5ffdecd9bbfc', 4408, 146.958, 'car', 0.810205, 48.8806, 232.859, 81.6684, 46.0027),
(1688, '994e873a-e0ba-4ac2-8495-5ffdecd9bbfc', 4408, 146.958, 'car', 0.71647, 214.98, 229.384, 36.5924, 35.2896),
(1689, '994e873a-e0ba-4ac2-8495-5ffdecd9bbfc', 4408, 146.958, 'person', 0.607011, 148.845, 283.076, 218.135, 196.642),
(1690, '994e873a-e0ba-4ac2-8495-5ffdecd9bbfc', 4408, 146.958, 'car', 0.54623, 140.235, 236.355, 19.5738, 17.7038),
(1691, '994e873a-e0ba-4ac2-8495-5ffdecd9bbfc', 4437, 147.924, 'person', 0.938872, 168.978, 144.18, 197.745, 334.067),
(1692, '994e873a-e0ba-4ac2-8495-5ffdecd9bbfc', 4437, 147.924, 'person', 0.865554, 0.103764, 269.98, 125.397, 209.438),
(1693, '994e873a-e0ba-4ac2-8495-5ffdecd9bbfc', 4437, 147.924, 'car', 0.775451, 89.8829, 237.644, 49.8332, 36.694),
(1694, '994e873a-e0ba-4ac2-8495-5ffdecd9bbfc', 4437, 147.924, 'car', 0.632804, 259.997, 231.963, 66.6403, 52.1772),
(1695, '994e873a-e0ba-4ac2-8495-5ffdecd9bbfc', 4466, 148.891, 'car', 0.829759, 291.428, 232.434, 68.9967, 60.8171),
(1696, '994e873a-e0ba-4ac2-8495-5ffdecd9bbfc', 4466, 148.891, 'person', 0.653633, 0.316956, 274.923, 131.606, 204.738),
(1697, '994e873a-e0ba-4ac2-8495-5ffdecd9bbfc', 4466, 148.891, 'car', 0.586035, 114.82, 244.309, 34.8822, 27.9596),
(1698, '994e873a-e0ba-4ac2-8495-5ffdecd9bbfc', 4466, 148.891, 'person', 0.545617, 170.962, 192.31, 196.313, 286.674),
(1699, '994e873a-e0ba-4ac2-8495-5ffdecd9bbfc', 4495, 149.858, 'person', 0.929522, 173.108, 165.13, 193.95, 314.228),
(1700, '994e873a-e0ba-4ac2-8495-5ffdecd9bbfc', 4495, 149.858, 'person', 0.883361, 0, 177.751, 129.096, 301.501),
(1701, '994e873a-e0ba-4ac2-8495-5ffdecd9bbfc', 4495, 149.858, 'car', 0.63301, 252.217, 223.357, 89.3295, 70.9537),
(1702, '994e873a-e0ba-4ac2-8495-5ffdecd9bbfc', 4495, 149.858, 'car', 0.625824, 118.61, 245.952, 31.0979, 24.1713),
(1703, '994e873a-e0ba-4ac2-8495-5ffdecd9bbfc', 4524, 150.825, 'person', 0.718429, 0, 287.147, 135.231, 192.267),
(1704, '994e873a-e0ba-4ac2-8495-5ffdecd9bbfc', 4524, 150.825, 'person', 0.64649, 200.039, 282.92, 167.279, 196.689),
(1705, '994e873a-e0ba-4ac2-8495-5ffdecd9bbfc', 4524, 150.825, 'car', 0.604404, 120.173, 248.912, 25.3571, 20.7664),
(1706, '994e873a-e0ba-4ac2-8495-5ffdecd9bbfc', 4553, 151.792, 'person', 0.78806, 0, 310.533, 121.103, 169.08),
(1707, '994e873a-e0ba-4ac2-8495-5ffdecd9bbfc', 4553, 151.792, 'car', 0.74246, 118.812, 254.995, 28.8769, 23.9693),
(1708, '994e873a-e0ba-4ac2-8495-5ffdecd9bbfc', 4553, 151.792, 'person', 0.686797, 206.742, 291.822, 160.291, 187.638),
(1709, '994e873a-e0ba-4ac2-8495-5ffdecd9bbfc', 4582, 152.759, 'person', 0.86578, 216.524, 353.43, 150.452, 126.065),
(1710, '994e873a-e0ba-4ac2-8495-5ffdecd9bbfc', 4582, 152.759, 'person', 0.814903, 0, 315.866, 145.247, 163.838),
(1711, '994e873a-e0ba-4ac2-8495-5ffdecd9bbfc', 4582, 152.759, 'car', 0.590954, 126.146, 258.795, 24.2995, 20.3385),
(1712, '994e873a-e0ba-4ac2-8495-5ffdecd9bbfc', 4611, 153.725, 'person', 0.870329, 0, 319.089, 144.339, 160.506),
(1713, '994e873a-e0ba-4ac2-8495-5ffdecd9bbfc', 4611, 153.725, 'person', 0.820771, 222.147, 344.775, 144.835, 134.768),
(1714, '994e873a-e0ba-4ac2-8495-5ffdecd9bbfc', 4611, 153.725, 'car', 0.711116, 129.327, 258.44, 22.0423, 18.371),
(1715, '994e873a-e0ba-4ac2-8495-5ffdecd9bbfc', 4640, 154.692, 'person', 0.503904, 105.699, 327.625, 142.28, 119.973),
(1716, '994e873a-e0ba-4ac2-8495-5ffdecd9bbfc', 4669, 155.659, 'person', 0.772548, 204.394, 338.204, 162.866, 141.496),
(1717, '994e873a-e0ba-4ac2-8495-5ffdecd9bbfc', 4669, 155.659, 'car', 0.617646, 0, 250.478, 48.0768, 53.5132),
(1718, '994e873a-e0ba-4ac2-8495-5ffdecd9bbfc', 4698, 156.626, 'car', 0.729783, 0, 241.248, 96.992, 55.5732),
(1719, '994e873a-e0ba-4ac2-8495-5ffdecd9bbfc', 4698, 156.626, 'person', 0.530218, 0.0703468, 273.036, 120.087, 206.557),
(1720, '994e873a-e0ba-4ac2-8495-5ffdecd9bbfc', 4727, 157.593, 'car', 0.86601, 1.16487, 251.299, 129.247, 58.1575),
(1721, '994e873a-e0ba-4ac2-8495-5ffdecd9bbfc', 4727, 157.593, 'person', 0.724347, 0, 282.935, 125.09, 196.85),
(1722, '994e873a-e0ba-4ac2-8495-5ffdecd9bbfc', 4727, 157.593, 'person', 0.545065, 235.005, 314.944, 131.5, 164.609),
(1723, '994e873a-e0ba-4ac2-8495-5ffdecd9bbfc', 4756, 158.56, 'person', 0.899333, 0, 283.611, 156.493, 195.949),
(1724, '994e873a-e0ba-4ac2-8495-5ffdecd9bbfc', 4756, 158.56, 'car', 0.715596, 56.9034, 249.944, 95.0799, 59.9112),
(1725, '994e873a-e0ba-4ac2-8495-5ffdecd9bbfc', 4785, 159.526, 'car', 0.883891, 99.4761, 243.491, 72.749, 49.0338),
(1726, '994e873a-e0ba-4ac2-8495-5ffdecd9bbfc', 4785, 159.526, 'person', 0.867654, 0.249378, 300.342, 155.603, 179.351),
(1727, '994e873a-e0ba-4ac2-8495-5ffdecd9bbfc', 4785, 159.526, 'person', 0.805069, 212.725, 301.531, 154.457, 178.047),
(1728, '994e873a-e0ba-4ac2-8495-5ffdecd9bbfc', 4785, 159.526, 'car', 0.786456, 0.0585308, 238.615, 58.236, 61.2679),
(1729, '994e873a-e0ba-4ac2-8495-5ffdecd9bbfc', 4785, 159.526, 'person', 0.58135, 243.329, 240.202, 10.107, 31.4733),
(1730, '994e873a-e0ba-4ac2-8495-5ffdecd9bbfc', 4814, 160.493, 'car', 0.864731, 0, 234.656, 102.89, 64.598),
(1731, '994e873a-e0ba-4ac2-8495-5ffdecd9bbfc', 4814, 160.493, 'person', 0.795849, 0, 282.434, 218.83, 197.139),
(1732, '994e873a-e0ba-4ac2-8495-5ffdecd9bbfc', 4814, 160.493, 'car', 0.709378, 132.777, 238.764, 58.5445, 42.6218),
(1733, '994e873a-e0ba-4ac2-8495-5ffdecd9bbfc', 4814, 160.493, 'person', 0.515094, 244.161, 426.213, 123.372, 53.6498),
(1734, '994e873a-e0ba-4ac2-8495-5ffdecd9bbfc', 4843, 161.46, 'person', 0.87362, 0, 296.851, 153.265, 182.821),
(1735, '994e873a-e0ba-4ac2-8495-5ffdecd9bbfc', 4843, 161.46, 'car', 0.867063, 35.3954, 234.607, 92.4834, 57.5866),
(1736, '994e873a-e0ba-4ac2-8495-5ffdecd9bbfc', 4843, 161.46, 'person', 0.649735, 243.412, 375.533, 124.071, 104.139),
(1737, '994e873a-e0ba-4ac2-8495-5ffdecd9bbfc', 4872, 162.427, 'car', 0.870367, 79.8203, 236.139, 71.2043, 49.3174),
(1738, '994e873a-e0ba-4ac2-8495-5ffdecd9bbfc', 4872, 162.427, 'person', 0.816623, 220.564, 333.152, 146.211, 146.488),
(1739, '994e873a-e0ba-4ac2-8495-5ffdecd9bbfc', 4872, 162.427, 'person', 0.771404, 312.112, 219.619, 21.0037, 68.2611),
(1740, '994e873a-e0ba-4ac2-8495-5ffdecd9bbfc', 4872, 162.427, 'car', 0.522735, 178.025, 239.225, 34.5621, 31.9821),
(1741, '994e873a-e0ba-4ac2-8495-5ffdecd9bbfc', 4901, 163.394, 'person', 0.829249, 0, 183.519, 175.575, 295.743),
(1742, '994e873a-e0ba-4ac2-8495-5ffdecd9bbfc', 4901, 163.394, 'car', 0.74028, 105.675, 239.026, 58.899, 42.3873),
(1743, '994e873a-e0ba-4ac2-8495-5ffdecd9bbfc', 4930, 164.36, 'person', 0.819945, 0, 219.097, 176.25, 260.333),
(1744, '994e873a-e0ba-4ac2-8495-5ffdecd9bbfc', 4930, 164.36, 'car', 0.771041, 117.031, 238.745, 52.3105, 38.773),
(1745, '994e873a-e0ba-4ac2-8495-5ffdecd9bbfc', 4959, 165.327, 'person', 0.868736, 0, 192.042, 242.88, 287.236),
(1746, '994e873a-e0ba-4ac2-8495-5ffdecd9bbfc', 4959, 165.327, 'car', 0.742488, 122.005, 232.955, 48.2636, 36.1207),
(1747, '994e873a-e0ba-4ac2-8495-5ffdecd9bbfc', 4988, 166.294, 'car', 0.818329, 117.146, 228.133, 41.3607, 33.5665),
(1748, '994e873a-e0ba-4ac2-8495-5ffdecd9bbfc', 4988, 166.294, 'person', 0.661021, 0, 257.515, 168.161, 222.142),
(1749, '994e873a-e0ba-4ac2-8495-5ffdecd9bbfc', 4988, 166.294, 'car', 0.515827, 180.787, 228.764, 23.6049, 30.0137),
(1750, '994e873a-e0ba-4ac2-8495-5ffdecd9bbfc', 5017, 167.261, 'car', 0.847339, 96.9322, 228.508, 40.3037, 30.7478),
(1751, '994e873a-e0ba-4ac2-8495-5ffdecd9bbfc', 5017, 167.261, 'car', 0.789282, 164.322, 228.389, 44.1458, 31.5647),
(1752, '994e873a-e0ba-4ac2-8495-5ffdecd9bbfc', 5017, 167.261, 'person', 0.667997, 0, 187.384, 365.652, 292.339),
(1753, '994e873a-e0ba-4ac2-8495-5ffdecd9bbfc', 5046, 168.228, 'car', 0.883934, 149.093, 232.46, 44.0034, 31.9982),
(1754, '994e873a-e0ba-4ac2-8495-5ffdecd9bbfc', 5046, 168.228, 'car', 0.808528, 84.0247, 231.961, 37.107, 27.7897),
(1755, '994e873a-e0ba-4ac2-8495-5ffdecd9bbfc', 5046, 168.228, 'person', 0.65419, 0, 146.116, 194.431, 333.178),
(1756, '994e873a-e0ba-4ac2-8495-5ffdecd9bbfc', 5075, 169.195, 'car', 0.745679, 146.322, 238.499, 37.9116, 29.2886),
(1757, '994e873a-e0ba-4ac2-8495-5ffdecd9bbfc', 5075, 169.195, 'car', 0.735523, 100.871, 237.814, 29.1761, 22.3765),
(1758, '994e873a-e0ba-4ac2-8495-5ffdecd9bbfc', 5075, 169.195, 'person', 0.66453, 0, 126.981, 365.272, 352.658),
(1759, '994e873a-e0ba-4ac2-8495-5ffdecd9bbfc', 5104, 170.161, 'car', 0.844938, 146.858, 241.422, 36.7819, 27.7454),
(1760, '994e873a-e0ba-4ac2-8495-5ffdecd9bbfc', 5104, 170.161, 'car', 0.711927, 6.57275, 237.213, 38.815, 20.6194),
(1761, '994e873a-e0ba-4ac2-8495-5ffdecd9bbfc', 5104, 170.161, 'car', 0.67163, 111.966, 239.252, 26.7719, 19.8244),
(1762, '994e873a-e0ba-4ac2-8495-5ffdecd9bbfc', 5133, 171.128, 'car', 0.765695, 231.28, 244.137, 35.9993, 26.7418),
(1763, '994e873a-e0ba-4ac2-8495-5ffdecd9bbfc', 5133, 171.128, 'car', 0.667475, 150.552, 241.452, 38.6694, 28.6837),
(1764, '994e873a-e0ba-4ac2-8495-5ffdecd9bbfc', 5133, 171.128, 'car', 0.598602, 129.367, 243.213, 23.051, 16.3143),
(1765, '994e873a-e0ba-4ac2-8495-5ffdecd9bbfc', 5133, 171.128, 'person', 0.518143, 59.326, 289.299, 306.132, 190.287),
(1766, '994e873a-e0ba-4ac2-8495-5ffdecd9bbfc', 5162, 172.095, 'car', 0.829696, 239.668, 248.302, 36.4386, 23.7641),
(1767, '994e873a-e0ba-4ac2-8495-5ffdecd9bbfc', 5162, 172.095, 'car', 0.818069, 272.273, 244.572, 66.0829, 44.7796),
(1768, '994e873a-e0ba-4ac2-8495-5ffdecd9bbfc', 5162, 172.095, 'car', 0.785069, 328.97, 233.442, 38.3057, 40.3609),
(1769, '994e873a-e0ba-4ac2-8495-5ffdecd9bbfc', 5162, 172.095, 'car', 0.723825, 164.084, 247.172, 36.7313, 26.4554),
(1770, '994e873a-e0ba-4ac2-8495-5ffdecd9bbfc', 5191, 173.062, 'car', 0.78712, 166.163, 242.454, 37.1278, 26.2442),
(1771, '994e873a-e0ba-4ac2-8495-5ffdecd9bbfc', 5191, 173.062, 'car', 0.753321, 261.183, 240.15, 59.6597, 35.7457),
(1772, '994e873a-e0ba-4ac2-8495-5ffdecd9bbfc', 5191, 173.062, 'person', 0.697131, 0, 109.343, 361.988, 370.007),
(1773, '994e873a-e0ba-4ac2-8495-5ffdecd9bbfc', 5191, 173.062, 'car', 0.641092, 323.085, 233.463, 43.8162, 34.82),
(1774, '994e873a-e0ba-4ac2-8495-5ffdecd9bbfc', 5191, 173.062, 'car', 0.540696, 349.502, 256.678, 18.0406, 33.3501),
(1775, '994e873a-e0ba-4ac2-8495-5ffdecd9bbfc', 5220, 174.029, 'car', 0.885103, 293.229, 224.888, 74.2272, 59.1857),
(1776, '994e873a-e0ba-4ac2-8495-5ffdecd9bbfc', 5220, 174.029, 'car', 0.815859, 264.422, 232.137, 49.3249, 44.2742),
(1777, '994e873a-e0ba-4ac2-8495-5ffdecd9bbfc', 5220, 174.029, 'car', 0.772358, 154.652, 238.454, 34.6489, 25.4283),
(1778, '994e873a-e0ba-4ac2-8495-5ffdecd9bbfc', 5220, 174.029, 'car', 0.632017, 10.2503, 242.813, 36.6452, 29.0954),
(1779, '994e873a-e0ba-4ac2-8495-5ffdecd9bbfc', 5220, 174.029, 'car', 0.566919, 236.112, 236.682, 30.4948, 22.0443),
(1780, '994e873a-e0ba-4ac2-8495-5ffdecd9bbfc', 5249, 174.996, 'car', 0.831736, 249.335, 235.777, 42.6568, 32.3139),
(1781, '994e873a-e0ba-4ac2-8495-5ffdecd9bbfc', 5249, 174.996, 'car', 0.790999, 149.39, 239.792, 35.1693, 25.1125),
(1782, '994e873a-e0ba-4ac2-8495-5ffdecd9bbfc', 5249, 174.996, 'car', 0.672488, 214.293, 237.03, 37.0867, 18.6984),
(1783, '994e873a-e0ba-4ac2-8495-5ffdecd9bbfc', 5249, 174.996, 'person', 0.647417, 2.70463, 267.48, 365.295, 212.485),
(1784, '994e873a-e0ba-4ac2-8495-5ffdecd9bbfc', 5278, 175.962, 'car', 0.869891, 287.779, 237.153, 79.4898, 50.9404),
(1785, '994e873a-e0ba-4ac2-8495-5ffdecd9bbfc', 5278, 175.962, 'car', 0.809756, 9.90321, 245.314, 62.8123, 40.0122),
(1786, '994e873a-e0ba-4ac2-8495-5ffdecd9bbfc', 5278, 175.962, 'car', 0.688691, 147.759, 245.542, 32.1554, 24.1688),
(1787, '994e873a-e0ba-4ac2-8495-5ffdecd9bbfc', 5278, 175.962, 'car', 0.644877, 218.127, 242.098, 51.2545, 23.013),
(1788, '994e873a-e0ba-4ac2-8495-5ffdecd9bbfc', 5307, 176.929, 'car', 0.76182, 225.789, 247.068, 67.9201, 29.7583),
(1789, '994e873a-e0ba-4ac2-8495-5ffdecd9bbfc', 5307, 176.929, 'car', 0.712385, 144.609, 252.397, 29.3961, 20.2242),
(1790, '994e873a-e0ba-4ac2-8495-5ffdecd9bbfc', 5307, 176.929, 'car', 0.690701, 31.3853, 250.142, 69.6621, 36.1633),
(1791, '994e873a-e0ba-4ac2-8495-5ffdecd9bbfc', 5336, 177.896, 'car', 0.903922, 248.228, 246.214, 90.688, 41.8661),
(1792, '994e873a-e0ba-4ac2-8495-5ffdecd9bbfc', 5336, 177.896, 'person', 0.902741, 154.419, 245.733, 212.806, 233.868),
(1793, '994e873a-e0ba-4ac2-8495-5ffdecd9bbfc', 5336, 177.896, 'car', 0.817734, 73.549, 250.19, 43.8983, 26.296),
(1794, '994e873a-e0ba-4ac2-8495-5ffdecd9bbfc', 5336, 177.896, 'car', 0.688772, 145.796, 252.168, 26.7711, 17.7715),
(1795, '994e873a-e0ba-4ac2-8495-5ffdecd9bbfc', 5336, 177.896, 'person', 0.562096, 0, 203.757, 172.366, 275.824),
(1796, '994e873a-e0ba-4ac2-8495-5ffdecd9bbfc', 5365, 178.863, 'car', 0.843343, 286.728, 238.393, 80.3265, 50.9625),
(1797, '994e873a-e0ba-4ac2-8495-5ffdecd9bbfc', 5365, 178.863, 'person', 0.792716, 0, 184.599, 202.108, 294.85),
(1798, '994e873a-e0ba-4ac2-8495-5ffdecd9bbfc', 5365, 178.863, 'car', 0.772303, 253.734, 243.188, 51.8152, 42.7677),
(1799, '994e873a-e0ba-4ac2-8495-5ffdecd9bbfc', 5365, 178.863, 'car', 0.708857, 93.2597, 247.095, 30.0887, 19.5918),
(1800, '994e873a-e0ba-4ac2-8495-5ffdecd9bbfc', 5365, 178.863, 'car', 0.55081, 145.664, 249.024, 22.289, 15.1453),
(1801, '994e873a-e0ba-4ac2-8495-5ffdecd9bbfc', 5365, 178.863, 'car', 0.543092, 26.6508, 247.434, 43.963, 25.2962),
(1802, '994e873a-e0ba-4ac2-8495-5ffdecd9bbfc', 5394, 179.83, 'car', 0.773245, 312.973, 222.893, 54.5742, 62.0173),
(1803, '994e873a-e0ba-4ac2-8495-5ffdecd9bbfc', 5394, 179.83, 'person', 0.749558, 215.637, 291.769, 151.847, 187.739),
(1804, '994e873a-e0ba-4ac2-8495-5ffdecd9bbfc', 5394, 179.83, 'person', 0.726099, 0, 277.777, 160.273, 201.817),
(1805, '994e873a-e0ba-4ac2-8495-5ffdecd9bbfc', 5394, 179.83, 'car', 0.65997, 92.8211, 243.886, 22.7907, 14.5908),
(1806, '994e873a-e0ba-4ac2-8495-5ffdecd9bbfc', 5394, 179.83, 'car', 0.574748, 131.774, 243.913, 19.3428, 13.9935),
(1807, '994e873a-e0ba-4ac2-8495-5ffdecd9bbfc', 5423, 180.797, 'person', 0.82048, 0, 286.251, 127.191, 193.37),
(1808, '994e873a-e0ba-4ac2-8495-5ffdecd9bbfc', 5423, 180.797, 'person', 0.695601, 232.101, 268.273, 134.867, 210.738),
(1809, '994e873a-e0ba-4ac2-8495-5ffdecd9bbfc', 5452, 181.763, 'person', 0.864365, 0, 262.599, 149.903, 216.726),
(1810, '994e873a-e0ba-4ac2-8495-5ffdecd9bbfc', 5452, 181.763, 'person', 0.764286, 232.699, 285.104, 134.525, 194.412),
(1811, '994e873a-e0ba-4ac2-8495-5ffdecd9bbfc', 5481, 182.73, 'person', 0.619038, 0, 193.684, 168.31, 285.256),
(1812, '994e873a-e0ba-4ac2-8495-5ffdecd9bbfc', 5481, 182.73, 'person', 0.595293, 247.151, 352.369, 119.652, 127.142),
(1813, '994e873a-e0ba-4ac2-8495-5ffdecd9bbfc', 5510, 183.697, 'person', 0.74727, 0, 273.417, 152.761, 206.424),
(1814, '994e873a-e0ba-4ac2-8495-5ffdecd9bbfc', 5510, 183.697, 'person', 0.508099, 244.123, 356.952, 123.256, 122.548),
(1815, '994e873a-e0ba-4ac2-8495-5ffdecd9bbfc', 5539, 184.664, 'person', 0.703733, 0, 267.308, 127.586, 212.322),
(1816, '994e873a-e0ba-4ac2-8495-5ffdecd9bbfc', 5568, 185.631, 'person', 0.890672, 0, 267.069, 86.9545, 211.918),
(1817, '994e873a-e0ba-4ac2-8495-5ffdecd9bbfc', 5597, 186.597, 'person', 0.759463, 0.0157585, 271.32, 130.05, 208.06),
(1818, '994e873a-e0ba-4ac2-8495-5ffdecd9bbfc', 5597, 186.597, 'car', 0.582929, 98.0346, 223.702, 56.1153, 22.5155),
(1819, '994e873a-e0ba-4ac2-8495-5ffdecd9bbfc', 5626, 187.564, 'person', 0.76892, 0, 275.165, 175.335, 204.415),
(1820, '994e873a-e0ba-4ac2-8495-5ffdecd9bbfc', 5655, 188.531, 'person', 0.755887, 0, 269.039, 185.67, 210.605),
(1821, '994e873a-e0ba-4ac2-8495-5ffdecd9bbfc', 5684, 189.498, 'person', 0.875273, 201.331, 246.628, 165.617, 232.676),
(1822, '994e873a-e0ba-4ac2-8495-5ffdecd9bbfc', 5684, 189.498, 'car', 0.859597, 0, 197.086, 120.506, 57.3483);
INSERT INTO `object_detections` (`id`, `video_id`, `frame_number`, `timestamp`, `object_class`, `confidence`, `bbox_x`, `bbox_y`, `bbox_width`, `bbox_height`) VALUES
(1823, '994e873a-e0ba-4ac2-8495-5ffdecd9bbfc', 5684, 189.498, 'person', 0.786014, 0, 248.936, 164.401, 230.609),
(1824, '994e873a-e0ba-4ac2-8495-5ffdecd9bbfc', 5713, 190.465, 'person', 0.868176, 210.89, 200.179, 156.796, 279.638),
(1825, '994e873a-e0ba-4ac2-8495-5ffdecd9bbfc', 5713, 190.465, 'person', 0.838582, 0, 59.7787, 245.448, 419.271),
(1826, '994e873a-e0ba-4ac2-8495-5ffdecd9bbfc', 5742, 191.432, 'person', 0.90095, 198.951, 226.007, 168.753, 253.634),
(1827, '994e873a-e0ba-4ac2-8495-5ffdecd9bbfc', 5742, 191.432, 'person', 0.809044, 0, 67.26, 245.224, 412.19);

-- --------------------------------------------------------

--
-- Table structure for table `search_history`
--

CREATE TABLE `search_history` (
  `id` int(11) NOT NULL,
  `video_id` varchar(36) NOT NULL,
  `query` varchar(512) NOT NULL,
  `result_count` int(11) DEFAULT NULL,
  `clicked_result` tinyint(1) DEFAULT NULL,
  `search_type` varchar(20) DEFAULT NULL,
  `created_at` datetime DEFAULT NULL
) ENGINE=InnoDB DEFAULT CHARSET=utf8mb4 COLLATE=utf8mb4_general_ci;

--
-- Dumping data for table `search_history`
--

INSERT INTO `search_history` (`id`, `video_id`, `query`, `result_count`, `clicked_result`, `search_type`, `created_at`) VALUES
(98, '742a340a-6489-4605-987c-cc39fd5daa01', 'person', 85, 0, 'object', '2026-04-24 22:47:40'),
(99, '742a340a-6489-4605-987c-cc39fd5daa01', 'chair', 1, 0, 'object', '2026-04-24 22:47:41'),
(100, '742a340a-6489-4605-987c-cc39fd5daa01', 'sports ball', 10, 0, 'object', '2026-04-24 22:47:48'),
(101, '742a340a-6489-4605-987c-cc39fd5daa01', 'person', 85, 0, 'object', '2026-04-24 22:47:53'),
(102, '742a340a-6489-4605-987c-cc39fd5daa01', 'frisbee', 0, 0, 'object', '2026-04-24 22:47:53'),
(103, '742a340a-6489-4605-987c-cc39fd5daa01', 'tennis racket', 1, 0, 'object', '2026-04-24 22:47:55'),
(104, '742a340a-6489-4605-987c-cc39fd5daa01', 'sports ball', 10, 0, 'object', '2026-04-24 22:48:08'),
(105, '742a340a-6489-4605-987c-cc39fd5daa01', 'sports ball', 0, 0, 'transcript', '2026-04-24 22:48:09'),
(106, '742a340a-6489-4605-987c-cc39fd5daa01', 'really', 1, 0, 'transcript', '2026-04-24 22:48:10'),
(107, '742a340a-6489-4605-987c-cc39fd5daa01', 'reallygame\'s', 1, 0, 'transcript', '2026-04-24 22:48:28'),
(108, '742a340a-6489-4605-987c-cc39fd5daa01', 'game\'s', 3, 0, 'transcript', '2026-04-24 22:48:29'),
(109, '7f4994d5-c870-488f-b8ef-a3e474cd2c85', 'wanted to say goodbye to the Juventus fans_', 5, 0, 'ocr', '2026-04-24 23:07:48'),
(110, '7f4994d5-c870-488f-b8ef-a3e474cd2c85', 'RMZ', 44, 0, 'ocr', '2026-04-24 23:07:54'),
(111, '7f4994d5-c870-488f-b8ef-a3e474cd2c85', '23.55', 1, 0, 'ocr', '2026-04-24 23:08:00'),
(112, '7f4994d5-c870-488f-b8ef-a3e474cd2c85', 'LIVERPO', 2, 0, 'ocr', '2026-04-24 23:08:05'),
(113, '7f4994d5-c870-488f-b8ef-a3e474cd2c85', 'HAR', 2, 0, 'ocr', '2026-04-24 23:08:08'),
(114, '7f4994d5-c870-488f-b8ef-a3e474cd2c85', 'wanted to say goodbye to the Juventus fans:', 3, 0, 'ocr', '2026-04-24 23:08:14'),
(115, '994e873a-e0ba-4ac2-8495-5ffdecd9bbfc', 'نقص', 4, 0, 'transcript', '2026-04-24 23:13:18'),
(116, '994e873a-e0ba-4ac2-8495-5ffdecd9bbfc', 'نقص', 0, 0, 'ocr', '2026-04-24 23:14:36'),
(117, '994e873a-e0ba-4ac2-8495-5ffdecd9bbfc', 'نقص', 0, 0, 'object', '2026-04-24 23:14:40'),
(118, '994e873a-e0ba-4ac2-8495-5ffdecd9bbfc', 'chair', 3, 0, 'object', '2026-04-24 23:14:42'),
(119, '994e873a-e0ba-4ac2-8495-5ffdecd9bbfc', 'cell phone', 2, 0, 'object', '2026-04-24 23:14:54'),
(120, '7f4994d5-c870-488f-b8ef-a3e474cd2c85', 'one', 1, 0, 'transcript', '2026-04-24 23:33:48'),
(121, '7f4994d5-c870-488f-b8ef-a3e474cd2c85', 'news', 2, 0, 'transcript', '2026-04-24 23:33:54'),
(122, '7f4994d5-c870-488f-b8ef-a3e474cd2c85', 'news', 0, 0, 'object', '2026-04-24 23:34:05'),
(123, '7f4994d5-c870-488f-b8ef-a3e474cd2c85', 'bottle', 0, 0, 'object', '2026-04-24 23:34:06'),
(124, '7f4994d5-c870-488f-b8ef-a3e474cd2c85', 'sports ball', 5, 0, 'object', '2026-04-24 23:34:07'),
(125, '7f4994d5-c870-488f-b8ef-a3e474cd2c85', 'sports ball', 0, 0, 'ocr', '2026-04-24 23:34:10'),
(126, '7f4994d5-c870-488f-b8ef-a3e474cd2c85', '22', 3, 0, 'ocr', '2026-04-24 23:34:12');

-- --------------------------------------------------------

--
-- Table structure for table `segments`
--

CREATE TABLE `segments` (
  `id` int(11) NOT NULL,
  `video_id` varchar(36) NOT NULL,
  `segment_id` int(11) NOT NULL,
  `start_time` float NOT NULL,
  `end_time` float NOT NULL,
  `text` text NOT NULL,
  `confidence` float DEFAULT NULL,
  `embedding` text DEFAULT NULL
) ENGINE=InnoDB DEFAULT CHARSET=utf8mb4 COLLATE=utf8mb4_general_ci;

--
-- Dumping data for table `segments`
--

INSERT INTO `segments` (`id`, `video_id`, `segment_id`, `start_time`, `end_time`, `text`, `confidence`, `embedding`) VALUES
(535, '742a340a-6489-4605-987c-cc39fd5daa01', 0, 0, 1.9, 'Keep it fair, football have had it!', NULL, NULL),
(536, '742a340a-6489-4605-987c-cc39fd5daa01', 1, 2.2, 5.86, 'Do you know what? That is a good question.', NULL, NULL),
(537, '742a340a-6489-4605-987c-cc39fd5daa01', 2, 7.08, 7.56, 'Play it.', NULL, NULL),
(538, '742a340a-6489-4605-987c-cc39fd5daa01', 3, 9.28, 10.56, 'I\'m making towards the title now.', NULL, NULL),
(539, '742a340a-6489-4605-987c-cc39fd5daa01', 4, 10.98, 11.42, 'Really?', NULL, NULL),
(540, '742a340a-6489-4605-987c-cc39fd5daa01', 5, 11.98, 14.22, 'The game\'s gone, the game\'s gone.', NULL, NULL),
(541, '742a340a-6489-4605-987c-cc39fd5daa01', 6, 14.38, 15.72, 'The game\'s gone, the game\'s gone.', NULL, NULL),
(542, '742a340a-6489-4605-987c-cc39fd5daa01', 7, 19.32, 20.98, 'Next one, what\'s the next one?', NULL, NULL),
(543, '742a340a-6489-4605-987c-cc39fd5daa01', 8, 21.48, 22.1, 'Oh, feet moving.', NULL, NULL),
(544, '742a340a-6489-4605-987c-cc39fd5daa01', 9, 60, 61.16, 'The game\'s gone.', NULL, NULL),
(545, '7f4994d5-c870-488f-b8ef-a3e474cd2c85', 0, 0, 4, 'In another life, this may have been different.', NULL, NULL),
(546, '7f4994d5-c870-488f-b8ef-a3e474cd2c85', 1, 30, 31.96, 'Breaking transfer news, can we walk you to Elord?', NULL, NULL),
(547, '7f4994d5-c870-488f-b8ef-a3e474cd2c85', 2, 32.2, 37.94, 'Yes, we will have now a greed to deal with the events to sign the Greek Oak, Kieza.', NULL, NULL),
(548, '7f4994d5-c870-488f-b8ef-a3e474cd2c85', 3, 39.7, 40.18, 'Congratulations.', NULL, NULL),
(549, '7f4994d5-c870-488f-b8ef-a3e474cd2c85', 4, 40.96, 42.74, 'But the total of these white corners,', NULL, NULL),
(550, '7f4994d5-c870-488f-b8ef-a3e474cd2c85', 5, 43.44, 45.54, 'thank you very much for these years,', NULL, NULL),
(551, '7f4994d5-c870-488f-b8ef-a3e474cd2c85', 6, 45.7, 47.64, 'and I really like the new one, thank you very much.', NULL, NULL),
(552, '994e873a-e0ba-4ac2-8495-5ffdecd9bbfc', 0, 0, 4.1, 'للمشي في المشي في المشي في المشي في المشي في المشي', NULL, NULL),
(553, '994e873a-e0ba-4ac2-8495-5ffdecd9bbfc', 1, 4.1, 7.06, 'هترهو دفوة اني مش في التويل ولا عالمي', NULL, NULL),
(554, '994e873a-e0ba-4ac2-8495-5ffdecd9bbfc', 2, 7.06, 8.36, 'يحافظة لإمينه', NULL, NULL),
(555, '994e873a-e0ba-4ac2-8495-5ffdecd9bbfc', 3, 8.36, 10.18, 'ولي دائر عالمي ساريش دعم عيشار', NULL, NULL),
(556, '994e873a-e0ba-4ac2-8495-5ffdecd9bbfc', 4, 10.18, 11.42, 'اخنا تو مشي في التويل', NULL, NULL),
(557, '994e873a-e0ba-4ac2-8495-5ffdecd9bbfc', 5, 12.12, 12.52, 'فحي', NULL, NULL),
(558, '994e873a-e0ba-4ac2-8495-5ffdecd9bbfc', 6, 12.52, 15.6, 'والذنه وراءه وريته في التويل نفسه عالمي', NULL, NULL),
(559, '994e873a-e0ba-4ac2-8495-5ffdecd9bbfc', 7, 15.6, 16.64, 'حمثة فحي', NULL, NULL),
(560, '994e873a-e0ba-4ac2-8495-5ffdecd9bbfc', 8, 16.64, 18.6, 'تايته ورمي لدي مراجع القرس', NULL, NULL),
(561, '994e873a-e0ba-4ac2-8495-5ffdecd9bbfc', 9, 30, 30, '', NULL, NULL),
(562, '994e873a-e0ba-4ac2-8495-5ffdecd9bbfc', 10, 30, 34.24, 'لاتب 對啊', NULL, NULL),
(563, '994e873a-e0ba-4ac2-8495-5ffdecd9bbfc', 11, 35.92, 35.92, '', NULL, NULL),
(564, '994e873a-e0ba-4ac2-8495-5ffdecd9bbfc', 12, 35.92, 35.92, '', NULL, NULL),
(565, '994e873a-e0ba-4ac2-8495-5ffdecd9bbfc', 13, 35.92, 35.92, '', NULL, NULL),
(566, '994e873a-e0ba-4ac2-8495-5ffdecd9bbfc', 14, 35.92, 35.92, '', NULL, NULL),
(567, '994e873a-e0ba-4ac2-8495-5ffdecd9bbfc', 15, 35.92, 35.92, '', NULL, NULL),
(568, '994e873a-e0ba-4ac2-8495-5ffdecd9bbfc', 16, 35.92, 50.04, 'How do I look?', NULL, NULL),
(569, '994e873a-e0ba-4ac2-8495-5ffdecd9bbfc', 17, 50.04, 51.7, 'THAT good', NULL, NULL),
(570, '994e873a-e0ba-4ac2-8495-5ffdecd9bbfc', 18, 51.7, 51.86, 'و URLs', NULL, NULL),
(571, '994e873a-e0ba-4ac2-8495-5ffdecd9bbfc', 19, 51.86, 53.12, 'proved that the cookies are good', NULL, NULL),
(572, '994e873a-e0ba-4ac2-8495-5ffdecd9bbfc', 20, 54.14, 54.14, '', NULL, NULL),
(573, '994e873a-e0ba-4ac2-8495-5ffdecd9bbfc', 21, 54.14, 54.14, '', NULL, NULL),
(574, '994e873a-e0ba-4ac2-8495-5ffdecd9bbfc', 22, 54.14, 54.14, '', NULL, NULL),
(575, '994e873a-e0ba-4ac2-8495-5ffdecd9bbfc', 23, 54.14, 54.46, 'How do I look?', NULL, NULL),
(576, '994e873a-e0ba-4ac2-8495-5ffdecd9bbfc', 24, 60.3, 61.74, 'كمي تعم؟', NULL, NULL),
(577, '994e873a-e0ba-4ac2-8495-5ffdecd9bbfc', 25, 61.74, 62.14, 'روزي', NULL, NULL),
(578, '994e873a-e0ba-4ac2-8495-5ffdecd9bbfc', 26, 62.14, 62.84, 'روزي', NULL, NULL),
(579, '994e873a-e0ba-4ac2-8495-5ffdecd9bbfc', 27, 62.84, 63.38, 'روزي من دون', NULL, NULL),
(580, '994e873a-e0ba-4ac2-8495-5ffdecd9bbfc', 28, 64, 64.74, 'تحي', NULL, NULL),
(581, '994e873a-e0ba-4ac2-8495-5ffdecd9bbfc', 29, 64.74, 65.42, 'روزي', NULL, NULL),
(582, '994e873a-e0ba-4ac2-8495-5ffdecd9bbfc', 30, 66, 66.52, 'جي مروزي', NULL, NULL),
(583, '994e873a-e0ba-4ac2-8495-5ffdecd9bbfc', 31, 66.52, 68.14, 'قل خطل لن يحرق عليك تحطو', NULL, NULL),
(584, '994e873a-e0ba-4ac2-8495-5ffdecd9bbfc', 32, 68.14, 68.54, 'روزي', NULL, NULL),
(585, '994e873a-e0ba-4ac2-8495-5ffdecd9bbfc', 33, 69.6, 70.84, 'أرجع شدسار', NULL, NULL),
(586, '994e873a-e0ba-4ac2-8495-5ffdecd9bbfc', 34, 70.84, 71.78, 'مش تكون ريالي رو', NULL, NULL),
(587, '994e873a-e0ba-4ac2-8495-5ffdecd9bbfc', 35, 71.78, 73.6, 'مدخد حد يدوب عليك مغاة', NULL, NULL),
(588, '994e873a-e0ba-4ac2-8495-5ffdecd9bbfc', 36, 73.6, 74.6, 'سيناو', NULL, NULL),
(589, '994e873a-e0ba-4ac2-8495-5ffdecd9bbfc', 37, 74.6, 76.4, 'كان سمح لن يبشن حط التروازي', NULL, NULL),
(590, '994e873a-e0ba-4ac2-8495-5ffdecd9bbfc', 38, 76.4, 77.5, 'نحط التروازي', NULL, NULL),
(591, '994e873a-e0ba-4ac2-8495-5ffdecd9bbfc', 39, 77.5, 77.52, 'نحط التروازي', NULL, NULL),
(592, '994e873a-e0ba-4ac2-8495-5ffdecd9bbfc', 40, 77.52, 79.16, 'ميكين يشطق لنشي بدوزي', NULL, NULL),
(593, '994e873a-e0ba-4ac2-8495-5ffdecd9bbfc', 41, 80, 81.24, 'انتي وسترانتي؟', NULL, NULL),
(594, '994e873a-e0ba-4ac2-8495-5ffdecd9bbfc', 42, 82, 83.52, 'المجبش ارتي هي طوص اللي اربعين روطا', NULL, NULL),
(595, '994e873a-e0ba-4ac2-8495-5ffdecd9bbfc', 43, 83.52, 85.34, 'وفتلتين روزي ميك', NULL, NULL),
(596, '994e873a-e0ba-4ac2-8495-5ffdecd9bbfc', 44, 85.34, 87.7, 'حط التروازي ميكين', NULL, NULL),
(597, '994e873a-e0ba-4ac2-8495-5ffdecd9bbfc', 45, 87.7, 88.44, 'حسي', NULL, NULL),
(598, '994e873a-e0ba-4ac2-8495-5ffdecd9bbfc', 46, 88.44, 88.88, 'حسي', NULL, NULL),
(599, '994e873a-e0ba-4ac2-8495-5ffdecd9bbfc', 47, 91.28, 92.14, 'تدخل', NULL, NULL),
(600, '994e873a-e0ba-4ac2-8495-5ffdecd9bbfc', 48, 92.14, 94.2, 'تستطيع أن يشتنعك روزي', NULL, NULL),
(601, '994e873a-e0ba-4ac2-8495-5ffdecd9bbfc', 49, 94.2, 94.94, 'اي؟', NULL, NULL),
(602, '994e873a-e0ba-4ac2-8495-5ffdecd9bbfc', 50, 94.94, 96.48, 'مش مجرمت حد نقص', NULL, NULL),
(603, '994e873a-e0ba-4ac2-8495-5ffdecd9bbfc', 51, 97.34, 99, 'كما تعوش ندراني ميك', NULL, NULL),
(604, '994e873a-e0ba-4ac2-8495-5ffdecd9bbfc', 52, 99, 100.16, 'نقص طاحت يزيامة', NULL, NULL),
(605, '994e873a-e0ba-4ac2-8495-5ffdecd9bbfc', 53, 100.16, 100.62, 'نقص طاحت يزيامة', NULL, NULL),
(606, '994e873a-e0ba-4ac2-8495-5ffdecd9bbfc', 54, 100.62, 102.44, 'نقص الحقد دور بطروازي', NULL, NULL),
(607, '994e873a-e0ba-4ac2-8495-5ffdecd9bbfc', 55, 102.44, 103.76, 'نظم كدور تعمل يزيام', NULL, NULL),
(608, '994e873a-e0ba-4ac2-8495-5ffdecd9bbfc', 56, 103.76, 105.78, 'كيف تأيك طول روطر ميزر شوية', NULL, NULL),
(609, '994e873a-e0ba-4ac2-8495-5ffdecd9bbfc', 57, 106.34, 108.3, 'انشي يدوب علينا حد مليمين', NULL, NULL),
(610, '994e873a-e0ba-4ac2-8495-5ffdecd9bbfc', 58, 108.3, 109.42, 'ولا مطور ولا حد', NULL, NULL),
(611, '994e873a-e0ba-4ac2-8495-5ffdecd9bbfc', 59, 109.42, 110.22, 'تجي ميكين', NULL, NULL),
(612, '994e873a-e0ba-4ac2-8495-5ffdecd9bbfc', 60, 110.22, 111.22, 'تجي ميكين', NULL, NULL),
(613, '994e873a-e0ba-4ac2-8495-5ffdecd9bbfc', 61, 111.22, 113.82, 'حكم سكراني ومتعادة', NULL, NULL),
(614, '994e873a-e0ba-4ac2-8495-5ffdecd9bbfc', 62, 113.82, 115.44, 'وكي يزيادت حاجة بشميك', NULL, NULL),
(615, '994e873a-e0ba-4ac2-8495-5ffdecd9bbfc', 63, 116.18, 116.86, 'حسي', NULL, NULL),
(616, '994e873a-e0ba-4ac2-8495-5ffdecd9bbfc', 64, 116.86, 118.08, 'تحييتك', NULL, NULL),
(617, '994e873a-e0ba-4ac2-8495-5ffdecd9bbfc', 65, 118.08, 119.86, 'نيقف ضرص منا فراج', NULL, NULL),
(618, '994e873a-e0ba-4ac2-8495-5ffdecd9bbfc', 66, 119.86, 121, 'تقيب يا', NULL, NULL),
(619, '994e873a-e0ba-4ac2-8495-5ffdecd9bbfc', 67, 122.4, 123.36, 'متخرج لهن', NULL, NULL),
(620, '994e873a-e0ba-4ac2-8495-5ffdecd9bbfc', 68, 123.36, 125.08, 'إلا متخرج سارك في كل عاليش', NULL, NULL),
(621, '994e873a-e0ba-4ac2-8495-5ffdecd9bbfc', 69, 125.08, 126.6, 'فترحنا عادنا فسك مجي', NULL, NULL),
(622, '994e873a-e0ba-4ac2-8495-5ffdecd9bbfc', 70, 126.6, 128.26, 'كل مدهي ميزي يستبعيدة', NULL, NULL),
(623, '994e873a-e0ba-4ac2-8495-5ffdecd9bbfc', 71, 128.26, 129.76, 'هكذا وضغرج أنها محشش بيلي', NULL, NULL),
(624, '994e873a-e0ba-4ac2-8495-5ffdecd9bbfc', 72, 129.76, 131.9, 'وإذا زم مرتعبك أي كاربا ميهم ميشي', NULL, NULL),
(625, '994e873a-e0ba-4ac2-8495-5ffdecd9bbfc', 73, 131.9, 132.4, 'لحن يزم', NULL, NULL),
(626, '994e873a-e0ba-4ac2-8495-5ffdecd9bbfc', 74, 134.42, 135.1, 'هاي؟', NULL, NULL),
(627, '994e873a-e0ba-4ac2-8495-5ffdecd9bbfc', 75, 135.1, 136.32, 'هاي؟ قد مشوية', NULL, NULL),
(628, '994e873a-e0ba-4ac2-8495-5ffdecd9bbfc', 76, 136.32, 137.9, 'تجيب يا تجيب يا تجيب أكثر كي يز', NULL, NULL),
(629, '994e873a-e0ba-4ac2-8495-5ffdecd9bbfc', 77, 139.18, 139.32, 'تحييتك', NULL, NULL),
(630, '994e873a-e0ba-4ac2-8495-5ffdecd9bbfc', 78, 140.1, 141.26, 'تجيب يا أخش', NULL, NULL),
(631, '994e873a-e0ba-4ac2-8495-5ffdecd9bbfc', 79, 141.26, 141.72, 'هاي؟', NULL, NULL),
(632, '994e873a-e0ba-4ac2-8495-5ffdecd9bbfc', 80, 142.32, 142.5, 'هاي؟', NULL, NULL),
(633, '994e873a-e0ba-4ac2-8495-5ffdecd9bbfc', 81, 142.5, 144.08, 'تجيب يا مينا', NULL, NULL),
(634, '994e873a-e0ba-4ac2-8495-5ffdecd9bbfc', 82, 144.08, 145.2, 'هاي؟', NULL, NULL),
(635, '994e873a-e0ba-4ac2-8495-5ffdecd9bbfc', 83, 145.2, 146.68, 'هاي؟', NULL, NULL),
(636, '994e873a-e0ba-4ac2-8495-5ffdecd9bbfc', 84, 146.68, 147.46, 'هاي؟', NULL, NULL),
(637, '994e873a-e0ba-4ac2-8495-5ffdecd9bbfc', 85, 147.46, 150.06, 'ومتخرج إلا متفرر غيساركي كل', NULL, NULL),
(638, '994e873a-e0ba-4ac2-8495-5ffdecd9bbfc', 86, 150.06, 151.66, 'مكيش مزروفة', NULL, NULL),
(639, '994e873a-e0ba-4ac2-8495-5ffdecd9bbfc', 87, 151.66, 153.58, 'وكيش متحان على ذمت', NULL, NULL),
(640, '994e873a-e0ba-4ac2-8495-5ffdecd9bbfc', 88, 153.58, 156.48, 'مجمع ليه هو فيه نقوم لنا عطب حاركة جوالي', NULL, NULL),
(641, '994e873a-e0ba-4ac2-8495-5ffdecd9bbfc', 89, 156.48, 159.04, 'سينا من نخرج إلا مترح كيز', NULL, NULL),
(642, '994e873a-e0ba-4ac2-8495-5ffdecd9bbfc', 90, 159.04, 160.98, 'كل مدهي ميزي تبعيدة', NULL, NULL),
(643, '994e873a-e0ba-4ac2-8495-5ffdecd9bbfc', 91, 160.98, 162.32, 'تنخرج إنا قبل هلي؟', NULL, NULL),
(644, '994e873a-e0ba-4ac2-8495-5ffdecd9bbfc', 92, 162.32, 163.8, 'كتريي مي؟', NULL, NULL),
(645, '994e873a-e0ba-4ac2-8495-5ffdecd9bbfc', 93, 165.6, 166.46, 'كتريном حقional', NULL, NULL),
(646, '994e873a-e0ba-4ac2-8495-5ffdecd9bbfc', 94, 166.46, 166.94, 'هعximنا إط hot', NULL, NULL),
(647, '994e873a-e0ba-4ac2-8495-5ffdecd9bbfc', 95, 166.94, 167.66, 'هنا something very moving', NULL, NULL),
(648, '994e873a-e0ba-4ac2-8495-5ffdecd9bbfc', 96, 167.66, 170.54, 'هنا سيستعمل', NULL, NULL),
(649, '994e873a-e0ba-4ac2-8495-5ffdecd9bbfc', 97, 170.54, 171.8, 'هنا سنة δجوي', NULL, NULL),
(650, '994e873a-e0ba-4ac2-8495-5ffdecd9bbfc', 98, 172.58, 174.92, '护ر نسεί', NULL, NULL),
(651, '994e873a-e0ba-4ac2-8495-5ffdecd9bbfc', 99, 174.92, 177, 'هناك عالي مي', NULL, NULL),
(652, '994e873a-e0ba-4ac2-8495-5ffdecd9bbfc', 100, 177, 178.6, 'هناك شبل خراق', NULL, NULL),
(653, '994e873a-e0ba-4ac2-8495-5ffdecd9bbfc', 101, 178.6, 181.1, 'البرج بيزي', NULL, NULL),
(654, '994e873a-e0ba-4ac2-8495-5ffdecd9bbfc', 102, 181.1, 181.62, 'وقف رق Wear', NULL, NULL),
(655, '994e873a-e0ba-4ac2-8495-5ffdecd9bbfc', 103, 182.8, 184, 'وقف بيز', NULL, NULL),
(656, '994e873a-e0ba-4ac2-8495-5ffdecd9bbfc', 104, 184, 184.94, 'ميования', NULL, NULL),
(657, '994e873a-e0ba-4ac2-8495-5ffdecd9bbfc', 105, 184.94, 189.56, 'هما يحتاج إلى الفرات', NULL, NULL),
(658, '994e873a-e0ba-4ac2-8495-5ffdecd9bbfc', 106, 189.56, 190.3, 'قضرتboarding', NULL, NULL),
(659, '994e873a-e0ba-4ac2-8495-5ffdecd9bbfc', 107, 190.3, 190.54, 'بك famar', NULL, NULL),
(660, '994e873a-e0ba-4ac2-8495-5ffdecd9bbfc', 108, 190.54, 190.7, 'قالت labour', NULL, NULL),
(661, '994e873a-e0ba-4ac2-8495-5ffdecd9bbfc', 109, 190.7, 191.24, 'هناك إختار', NULL, NULL),
(662, '994e873a-e0ba-4ac2-8495-5ffdecd9bbfc', 110, 190.8, 191.8, 'تستطيع أن نرزي أي شيئ', NULL, NULL);

-- --------------------------------------------------------

--
-- Table structure for table `videos`
--

CREATE TABLE `videos` (
  `id` int(11) NOT NULL,
  `video_id` varchar(36) NOT NULL,
  `filename` varchar(255) NOT NULL,
  `original_name` varchar(255) NOT NULL,
  `file_path` varchar(512) NOT NULL,
  `file_size` int(11) DEFAULT NULL,
  `duration` float DEFAULT NULL,
  `language` varchar(10) DEFAULT NULL,
  `full_text` text DEFAULT NULL,
  `created_at` datetime DEFAULT NULL
) ENGINE=InnoDB DEFAULT CHARSET=utf8mb4 COLLATE=utf8mb4_general_ci;

--
-- Dumping data for table `videos`
--

INSERT INTO `videos` (`id`, `video_id`, `filename`, `original_name`, `file_path`, `file_size`, `duration`, `language`, `full_text`, `created_at`) VALUES
(16, '742a340a-6489-4605-987c-cc39fd5daa01', '742a340a-6489-4605-987c-cc39fd5daa01.mp4', 'F2.mp4', 'C:\\Users\\ctOS_ERROR\\Desktop\\test_index\\INDEXV2\\backend\\uploads\\742a340a-6489-4605-987c-cc39fd5daa01.mp4', 23196187, 61.16, 'en', 'Keep it fair, football have had it! Do you know what? That is a good question. Play it. I\'m making towards the title now. Really? The game\'s gone, the game\'s gone. The game\'s gone, the game\'s gone. Next one, what\'s the next one? Oh, feet moving. The game\'s gone.', '2026-04-24 22:47:00'),
(17, '7f4994d5-c870-488f-b8ef-a3e474cd2c85', '7f4994d5-c870-488f-b8ef-a3e474cd2c85.mp4', 'chiesa.mp4', 'C:\\Users\\ctOS_ERROR\\Desktop\\test_index\\INDEXV2\\backend\\uploads\\7f4994d5-c870-488f-b8ef-a3e474cd2c85.mp4', 57920607, 47.64, 'en', 'In another life, this may have been different. Breaking transfer news, can we walk you to Elord? Yes, we will have now a greed to deal with the events to sign the Greek Oak, Kieza. Congratulations. But the total of these white corners, thank you very much for these years, and I really like the new one, thank you very much.', '2026-04-24 22:59:20'),
(18, '994e873a-e0ba-4ac2-8495-5ffdecd9bbfc', '994e873a-e0ba-4ac2-8495-5ffdecd9bbfc.mp4', '5c6352b1-1ab2-4ad0-9ad4-c0f1a38f0411.mp4', 'C:\\Users\\ctOS_ERROR\\Desktop\\test_index\\INDEXV2\\backend\\uploads\\994e873a-e0ba-4ac2-8495-5ffdecd9bbfc.mp4', 28090702, 191.8, 'ar', 'للمشي في المشي في المشي في المشي في المشي في المشي هترهو دفوة اني مش في التويل ولا عالمي يحافظة لإمينه ولي دائر عالمي ساريش دعم عيشار اخنا تو مشي في التويل فحي والذنه وراءه وريته في التويل نفسه عالمي حمثة فحي تايته ورمي لدي مراجع القرس لاتب 對啊 How do I look?THAT good و URLs proved that the cookies are good How do I look? كمي تعم؟ روزي روزي روزي من دون تحي روزي جي مروزي قل خطل لن يحرق عليك تحطو روزي أرجع شدسار مش تكون ريالي رو مدخد حد يدوب عليك مغاة سيناو كان سمح لن يبشن حط التروازي نحط التروازي نحط التروازي ميكين يشطق لنشي بدوزي انتي وسترانتي؟ المجبش ارتي هي طوص اللي اربعين روطا وفتلتين روزي ميك حط التروازي ميكين حسي حسي تدخل تستطيع أن يشتنعك روزي اي؟ مش مجرمت حد نقص كما تعوش ندراني ميك نقص طاحت يزيامة نقص طاحت يزيامة نقص الحقد دور بطروازي نظم كدور تعمل يزيام كيف تأيك طول روطر ميزر شوية انشي يدوب علينا حد مليمين ولا مطور ولا حد تجي ميكين تجي ميكين حكم سكراني ومتعادة وكي يزيادت حاجة بشميك حسي تحييتك نيقف ضرص منا فراج تقيب يا متخرج لهن إلا متخرج سارك في كل عاليش فترحنا عادنا فسك مجي كل مدهي ميزي يستبعيدة هكذا وضغرج أنها محشش بيلي وإذا زم مرتعبك أي كاربا ميهم ميشي لحن يزم هاي؟ هاي؟ قد مشوية تجيب يا تجيب يا تجيب أكثر كي يز تحييتك تجيب يا أخش هاي؟ هاي؟ تجيب يا مينا هاي؟ هاي؟ هاي؟ ومتخرج إلا متفرر غيساركي كل مكيش مزروفة وكيش متحان على ذمت مجمع ليه هو فيه نقوم لنا عطب حاركة جوالي سينا من نخرج إلا مترح كيز كل مدهي ميزي تبعيدة تنخرج إنا قبل هلي؟ كتريي مي؟ كتريном حقional هعximنا إط hot هنا something very moving هنا سيستعمل هنا سنة δجوي护ر نسεί هناك عالي مي هناك شبل خراق البرج بيزي وقف رق Wear وقف بيز ميования هما يحتاج إلى الفرات قضرتboarding بك<|fr|> famar قالت labour هناك إختار تستطيع أن نرزي أي شيئ', '2026-04-24 23:10:15');

-- --------------------------------------------------------

--
-- Table structure for table `visual_texts`
--

CREATE TABLE `visual_texts` (
  `id` int(11) NOT NULL,
  `video_id` varchar(36) NOT NULL,
  `frame_number` int(11) NOT NULL,
  `timestamp` float NOT NULL,
  `text` varchar(512) NOT NULL,
  `confidence` float NOT NULL,
  `bbox_x` float DEFAULT NULL,
  `bbox_y` float DEFAULT NULL,
  `bbox_width` float DEFAULT NULL,
  `bbox_height` float DEFAULT NULL
) ENGINE=InnoDB DEFAULT CHARSET=utf8mb4 COLLATE=utf8mb4_general_ci;

--
-- Dumping data for table `visual_texts`
--

INSERT INTO `visual_texts` (`id`, `video_id`, `frame_number`, `timestamp`, `text`, `confidence`, `bbox_x`, `bbox_y`, `bbox_width`, `bbox_height`) VALUES
(1, '7f4994d5-c870-488f-b8ef-a3e474cd2c85', 30, 1, 'In Anu \"', 0.943017, 186, 416, 628, 147),
(2, '7f4994d5-c870-488f-b8ef-a3e474cd2c85', 30, 1, 'Life', 0.999998, 982, 412, 288, 144),
(3, '7f4994d5-c870-488f-b8ef-a3e474cd2c85', 30, 1, 'Iq', 0.915925, 695, 735, 64, 96),
(4, '7f4994d5-c870-488f-b8ef-a3e474cd2c85', 30, 1, 'ARMZ', 0.999952, 663, 901, 118, 36),
(5, '7f4994d5-c870-488f-b8ef-a3e474cd2c85', 60, 2, 'ARMZ', 0.999857, 661, 899, 122, 40),
(6, '7f4994d5-c870-488f-b8ef-a3e474cd2c85', 90, 3, 'ARMZ', 0.999955, 661, 901, 122, 38),
(7, '7f4994d5-c870-488f-b8ef-a3e474cd2c85', 120, 4, 'Different', 0.999996, 799, 644, 550, 128),
(8, '7f4994d5-c870-488f-b8ef-a3e474cd2c85', 120, 4, 'ARMZ', 0.840371, 663, 901, 120, 36),
(9, '7f4994d5-c870-488f-b8ef-a3e474cd2c85', 150, 5, 'rent', 0.999998, 1086, 664, 260, 104),
(10, '7f4994d5-c870-488f-b8ef-a3e474cd2c85', 150, 5, 'ARMZ', 0.999664, 663, 901, 120, 36),
(11, '7f4994d5-c870-488f-b8ef-a3e474cd2c85', 180, 6, '14', 0.973147, 678, 458, 196, 208),
(12, '7f4994d5-c870-488f-b8ef-a3e474cd2c85', 180, 6, 'ARMZ', 0.999949, 661, 899, 122, 38),
(13, '7f4994d5-c870-488f-b8ef-a3e474cd2c85', 180, 6, 'chiesa', 0.876864, 737.027, 399.055, 125.947, 76.8904),
(14, '7f4994d5-c870-488f-b8ef-a3e474cd2c85', 210, 7, 'OAGAR AIRWAYS', 0.535376, 426, 329, 561, 79),
(15, '7f4994d5-c870-488f-b8ef-a3e474cd2c85', 210, 7, 'ARMZ', 0.999937, 659, 899, 124, 40),
(16, '7f4994d5-c870-488f-b8ef-a3e474cd2c85', 240, 8, 'OA AR ARWAYS', 0.699495, 0, 329, 562, 77),
(17, '7f4994d5-c870-488f-b8ef-a3e474cd2c85', 240, 8, 'ARMZ', 0.99993, 659, 899, 124, 40),
(18, '7f4994d5-c870-488f-b8ef-a3e474cd2c85', 270, 9, 'AYS', 0.999646, 0, 330, 138, 72),
(19, '7f4994d5-c870-488f-b8ef-a3e474cd2c85', 270, 9, 'ARMZ', 0.999964, 661, 901, 124, 38),
(20, '7f4994d5-c870-488f-b8ef-a3e474cd2c85', 270, 9, 'QAIAR', 0.453074, 697.177, 386.105, 104.645, 57.7898),
(21, '7f4994d5-c870-488f-b8ef-a3e474cd2c85', 270, 9, 'QATAR', 0.673501, 946.251, 398.056, 191.497, 106.887),
(22, '7f4994d5-c870-488f-b8ef-a3e474cd2c85', 300, 10, 'Italiz', 0.68267, 298, 462, 370, 150),
(23, '7f4994d5-c870-488f-b8ef-a3e474cd2c85', 300, 10, 'ARMZ', 0.997724, 659, 899, 122, 40),
(24, '7f4994d5-c870-488f-b8ef-a3e474cd2c85', 330, 11, 'Italia', 0.999989, 299, 458, 376, 156),
(25, '7f4994d5-c870-488f-b8ef-a3e474cd2c85', 330, 11, 'jero/4', 0.674887, 871, 461, 396, 158),
(26, '7f4994d5-c870-488f-b8ef-a3e474cd2c85', 330, 11, 'ARMZ', 0.999899, 661, 899, 124, 40),
(27, '7f4994d5-c870-488f-b8ef-a3e474cd2c85', 330, 11, 'Quiesa', 0.41332, 1201.12, 425.125, 75.7611, 46.7493),
(28, '7f4994d5-c870-488f-b8ef-a3e474cd2c85', 360, 12, 'Italian Hero', 0.837821, 295, 454, 878, 165),
(29, '7f4994d5-c870-488f-b8ef-a3e474cd2c85', 360, 12, 'ARMZ', 0.999927, 659, 899, 124, 40),
(30, '7f4994d5-c870-488f-b8ef-a3e474cd2c85', 390, 13, 'Itallial', 0.905151, 297, 463, 419, 153),
(31, '7f4994d5-c870-488f-b8ef-a3e474cd2c85', 390, 13, 'ARMZ', 0.999463, 661, 899, 122, 40),
(32, '7f4994d5-c870-488f-b8ef-a3e474cd2c85', 420, 14, 'Itali', 0.998982, 300, 464, 282, 148),
(33, '7f4994d5-c870-488f-b8ef-a3e474cd2c85', 420, 14, 'Herc\'', 0.649828, 796, 462, 398, 148),
(34, '7f4994d5-c870-488f-b8ef-a3e474cd2c85', 420, 14, 'ARMZ', 0.999891, 663, 901, 120, 38),
(35, '7f4994d5-c870-488f-b8ef-a3e474cd2c85', 450, 15, 'CHIESA', 0.999778, 587, 464, 274, 114),
(36, '7f4994d5-c870-488f-b8ef-a3e474cd2c85', 450, 15, '22', 0.999426, 505, 559, 410, 333),
(37, '7f4994d5-c870-488f-b8ef-a3e474cd2c85', 450, 15, 'ARMZ', 0.999834, 658, 897, 126, 42),
(38, '7f4994d5-c870-488f-b8ef-a3e474cd2c85', 480, 16, 'RMZ', 0.999903, 689, 903, 90, 36),
(39, '7f4994d5-c870-488f-b8ef-a3e474cd2c85', 510, 17, 'adidas', 0.999413, 760, 700, 292, 92),
(40, '7f4994d5-c870-488f-b8ef-a3e474cd2c85', 510, 17, 'adidi', 0.98849, 1230, 704, 210, 96),
(41, '7f4994d5-c870-488f-b8ef-a3e474cd2c85', 510, 17, 'ARMZ', 0.999861, 659, 899, 124, 40),
(42, '7f4994d5-c870-488f-b8ef-a3e474cd2c85', 540, 18, 'Aliarz', 0.473255, 268, 356, 77, 30),
(43, '7f4994d5-c870-488f-b8ef-a3e474cd2c85', 540, 18, 'das', 0.985629, 819, 675, 162, 88),
(44, '7f4994d5-c870-488f-b8ef-a3e474cd2c85', 540, 18, 'adidas', 0.812654, 1140, 675, 295, 100),
(45, '7f4994d5-c870-488f-b8ef-a3e474cd2c85', 540, 18, 'ARMZ', 0.999918, 659, 899, 124, 40),
(46, '7f4994d5-c870-488f-b8ef-a3e474cd2c85', 570, 19, 'Dom', 0.444795, 1351, 145, 70, 42),
(47, '7f4994d5-c870-488f-b8ef-a3e474cd2c85', 570, 19, 'BANCO', 0.671591, 32, 313, 407, 117),
(48, '7f4994d5-c870-488f-b8ef-a3e474cd2c85', 570, 19, 'ANC', 0.989314, 976, 330, 162, 100),
(49, '7f4994d5-c870-488f-b8ef-a3e474cd2c85', 570, 19, '13', 0.999832, 1153, 423, 134, 134),
(50, '7f4994d5-c870-488f-b8ef-a3e474cd2c85', 570, 19, 'PM', 0.916111, 1224, 572, 52, 52),
(51, '7f4994d5-c870-488f-b8ef-a3e474cd2c85', 570, 19, 'ARMZ', 0.999929, 661, 901, 122, 38),
(52, '7f4994d5-c870-488f-b8ef-a3e474cd2c85', 570, 19, 'Romagnoli', 0.409122, 1153, 356.043, 152.994, 85.9145),
(53, '7f4994d5-c870-488f-b8ef-a3e474cd2c85', 600, 20, '45', 0.476191, 1264, 827, 166, 66),
(54, '7f4994d5-c870-488f-b8ef-a3e474cd2c85', 600, 20, 'AMz', 0.675095, 659, 891, 126, 50),
(55, '7f4994d5-c870-488f-b8ef-a3e474cd2c85', 600, 20, '22', 0.920667, 408.202, 547.436, 227.595, 249.129),
(56, '7f4994d5-c870-488f-b8ef-a3e474cd2c85', 630, 21, 'ARMZ', 0.995313, 661, 899, 122, 40),
(57, '7f4994d5-c870-488f-b8ef-a3e474cd2c85', 630, 21, 'CHIESP', 0.820696, 595.802, 508.803, 219.396, 151.394),
(58, '7f4994d5-c870-488f-b8ef-a3e474cd2c85', 630, 21, '22', 0.907375, 611.843, 550.928, 343.314, 340.144),
(59, '7f4994d5-c870-488f-b8ef-a3e474cd2c85', 660, 22, 'ARMZ', 0.632869, 661, 899, 122, 40),
(60, '7f4994d5-c870-488f-b8ef-a3e474cd2c85', 690, 23, 'chiesa', 0.968496, 712, 486, 64, 24),
(61, '7f4994d5-c870-488f-b8ef-a3e474cd2c85', 690, 23, 'collapsed to the', 0.549738, 814, 446, 626, 104),
(62, '7f4994d5-c870-488f-b8ef-a3e474cd2c85', 690, 23, 'ground', 0.998942, 941, 530, 317, 109),
(63, '7f4994d5-c870-488f-b8ef-a3e474cd2c85', 690, 23, 'ARMZ', 0.999759, 659, 899, 130, 40),
(64, '7f4994d5-c870-488f-b8ef-a3e474cd2c85', 720, 24, 'When', 0.999967, 963, 419, 176, 62),
(65, '7f4994d5-c870-488f-b8ef-a3e474cd2c85', 720, 24, 'ARMZ', 0.99883, 659, 899, 132, 40),
(66, '7f4994d5-c870-488f-b8ef-a3e474cd2c85', 750, 25, 'Lorenzo Pellegrini', 0.999956, 776, 382, 542, 80),
(67, '7f4994d5-c870-488f-b8ef-a3e474cd2c85', 750, 25, 'approaches', 0.999949, 867, 441, 347, 96),
(68, '7f4994d5-c870-488f-b8ef-a3e474cd2c85', 750, 25, 'ARMZ', 0.999753, 660, 896, 123, 44),
(69, '7f4994d5-c870-488f-b8ef-a3e474cd2c85', 780, 26, 'Itold him', 0.982988, 838, 406, 488, 104),
(70, '7f4994d5-c870-488f-b8ef-a3e474cd2c85', 780, 26, 'ARMZ', 0.999902, 657, 899, 128, 40),
(71, '7f4994d5-c870-488f-b8ef-a3e474cd2c85', 810, 27, 'ARMZ', 0.999847, 661, 899, 122, 40),
(72, '7f4994d5-c870-488f-b8ef-a3e474cd2c85', 840, 28, 'Im Done.', 0.775973, 820, 401, 532, 123),
(73, '7f4994d5-c870-488f-b8ef-a3e474cd2c85', 840, 28, 'ARMZ', 0.99462, 659, 899, 124, 40),
(74, '7f4994d5-c870-488f-b8ef-a3e474cd2c85', 870, 29, '23.55', 0.788713, 640, 430, 166, 72),
(75, '7f4994d5-c870-488f-b8ef-a3e474cd2c85', 870, 29, '6', 0.472678, 849, 579, 84, 96),
(76, '7f4994d5-c870-488f-b8ef-a3e474cd2c85', 870, 29, 'ARMZ', 0.999904, 659, 901, 126, 38),
(77, '7f4994d5-c870-488f-b8ef-a3e474cd2c85', 870, 29, 'Ling', 0.982122, 920.013, 545.063, 69.9738, 53.8739),
(78, '7f4994d5-c870-488f-b8ef-a3e474cd2c85', 900, 30, 'HIESA FEUEKICU', 0.697628, 0, 131, 137, 16),
(79, '7f4994d5-c870-488f-b8ef-a3e474cd2c85', 900, 30, 'HAR', 0.993603, 700, 130, 66, 30),
(80, '7f4994d5-c870-488f-b8ef-a3e474cd2c85', 900, 30, 'J MEDICI', 0.428913, 1369, 151, 70, 20),
(81, '7f4994d5-c870-488f-b8ef-a3e474cd2c85', 900, 30, 'OB: 25-10-1997', 0.890055, 0, 197, 111, 20),
(82, '7f4994d5-c870-488f-b8ef-a3e474cd2c85', 900, 30, 'M GINOCCHIO SIN', 0.808769, 0, 221, 137, 20),
(83, '7f4994d5-c870-488f-b8ef-a3e474cd2c85', 900, 30, 'ag 3', 0.888407, 0, 247, 27, 20),
(84, '7f4994d5-c870-488f-b8ef-a3e474cd2c85', 900, 30, 'mm FAT SAT', 0.7702, 31, 245, 94, 20),
(85, '7f4994d5-c870-488f-b8ef-a3e474cd2c85', 900, 30, 'ILF', 0.700334, 0, 496, 42, 30),
(86, '7f4994d5-c870-488f-b8ef-a3e474cd2c85', 900, 30, 'PRI', 0.794749, 1392, 496, 48, 30),
(87, '7f4994d5-c870-488f-b8ef-a3e474cd2c85', 900, 30, '87?', 0.452202, 1335, 935, 32, 14),
(88, '7f4994d5-c870-488f-b8ef-a3e474cd2c85', 900, 30, '012', 0.961606, 1388, 906, 52, 29),
(89, '7f4994d5-c870-488f-b8ef-a3e474cd2c85', 930, 31, 'ARMZ', 0.999943, 660, 899, 122, 40),
(90, '7f4994d5-c870-488f-b8ef-a3e474cd2c85', 960, 32, 'ARMZ', 0.999963, 661, 901, 124, 38),
(91, '7f4994d5-c870-488f-b8ef-a3e474cd2c85', 990, 33, 'ARMZ', 0.999936, 661, 899, 122, 40),
(92, '7f4994d5-c870-488f-b8ef-a3e474cd2c85', 1020, 34, 'ARMZ', 0.999953, 661, 901, 122, 38),
(93, '7f4994d5-c870-488f-b8ef-a3e474cd2c85', 1050, 35, 'ARMZ', 0.999949, 661, 901, 122, 38),
(94, '7f4994d5-c870-488f-b8ef-a3e474cd2c85', 1080, 36, 'dia', 0.999394, 730, 712, 36, 24),
(95, '7f4994d5-c870-488f-b8ef-a3e474cd2c85', 1080, 36, 'ARMZ', 0.999792, 659, 899, 124, 40),
(96, '7f4994d5-c870-488f-b8ef-a3e474cd2c85', 1080, 36, 'TRAINING', 0.784115, 344.094, 65.0109, 522.813, 269.978),
(97, '7f4994d5-c870-488f-b8ef-a3e474cd2c85', 1080, 36, 'CENTRE', 0.597675, 818, 225.021, 350, 202.959),
(98, '7f4994d5-c870-488f-b8ef-a3e474cd2c85', 1080, 36, 'LIVERPOOL', 0.999122, 273.032, 253.02, 347.935, 156.96),
(99, '7f4994d5-c870-488f-b8ef-a3e474cd2c85', 1080, 36, 'LFC', 0.771966, 141.087, 309.091, 87.8253, 53.8174),
(100, '7f4994d5-c870-488f-b8ef-a3e474cd2c85', 1080, 36, 'FOOTBAV', 0.508432, 605.001, 347.029, 242.999, 123.943),
(101, '7f4994d5-c870-488f-b8ef-a3e474cd2c85', 1110, 37, 'Federicr', 0.454461, 48, 226, 708, 254),
(102, '7f4994d5-c870-488f-b8ef-a3e474cd2c85', 1110, 37, '~hiesa', 0.542838, 849, 290, 551, 193),
(103, '7f4994d5-c870-488f-b8ef-a3e474cd2c85', 1110, 37, 'ARMZ', 0.999843, 659, 899, 126, 40),
(104, '7f4994d5-c870-488f-b8ef-a3e474cd2c85', 1110, 37, 'RAINING', 0.453146, 360.069, 72.0134, 471.863, 245.973),
(105, '7f4994d5-c870-488f-b8ef-a3e474cd2c85', 1110, 37, 'CEN', 0.993104, 800.207, 219.04, 203.587, 130.919),
(106, '7f4994d5-c870-488f-b8ef-a3e474cd2c85', 1110, 37, '63', 0.543641, 45.1032, 580.125, 89.7935, 46.7493),
(107, '7f4994d5-c870-488f-b8ef-a3e474cd2c85', 1140, 38, 'FC', 0.91343, 153, 279, 56, 42),
(108, '7f4994d5-c870-488f-b8ef-a3e474cd2c85', 1140, 38, 'Federic', 0.96531, 55, 301, 693, 169),
(109, '7f4994d5-c870-488f-b8ef-a3e474cd2c85', 1140, 38, 'Chiesa', 0.995843, 813, 193, 595, 290),
(110, '7f4994d5-c870-488f-b8ef-a3e474cd2c85', 1140, 38, 'ARMZ', 0.999832, 659, 899, 124, 40),
(111, '7f4994d5-c870-488f-b8ef-a3e474cd2c85', 1140, 38, 'LIVERPO', 0.999434, 258.002, 216.029, 267.995, 133.943),
(112, '7f4994d5-c870-488f-b8ef-a3e474cd2c85', 1140, 38, 'chartered', 0.847316, 942.879, 660.059, 124.243, 39.8825),
(113, '7f4994d5-c870-488f-b8ef-a3e474cd2c85', 1170, 39, 'Ready to start this new adventure,', 0.874166, 365, 749, 709, 55),
(114, '7f4994d5-c870-488f-b8ef-a3e474cd2c85', 1170, 39, 'wanted to say goodbye to the Juventus fans:', 0.95932, 265, 799, 914, 60),
(115, '7f4994d5-c870-488f-b8ef-a3e474cd2c85', 1170, 39, 'ARMZ', 0.999907, 659, 899, 124, 40),
(116, '7f4994d5-c870-488f-b8ef-a3e474cd2c85', 1200, 40, 'Ready to start this new adventure,', 0.95683, 363, 743, 712, 63),
(117, '7f4994d5-c870-488f-b8ef-a3e474cd2c85', 1200, 40, 'wanted to say goodbye to the Juventus fans_', 0.796536, 266, 800, 910, 56),
(118, '7f4994d5-c870-488f-b8ef-a3e474cd2c85', 1200, 40, 'ARMZ', 0.956183, 659, 901, 126, 38),
(119, '7f4994d5-c870-488f-b8ef-a3e474cd2c85', 1230, 41, 'Ready to start this new adventure,', 0.881327, 365, 749, 709, 55),
(120, '7f4994d5-c870-488f-b8ef-a3e474cd2c85', 1230, 41, 'wanted to say goodbye to the Juventus fans.', 0.778757, 266, 802, 912, 54),
(121, '7f4994d5-c870-488f-b8ef-a3e474cd2c85', 1230, 41, 'ARMZ', 0.999944, 661, 901, 122, 38),
(122, '7f4994d5-c870-488f-b8ef-a3e474cd2c85', 1260, 42, 'Ready to start this new adventure,', 0.889458, 365, 749, 709, 55),
(123, '7f4994d5-c870-488f-b8ef-a3e474cd2c85', 1260, 42, 'wanted to say goodbye to the Juventus fans:', 0.79046, 266, 802, 921, 54),
(124, '7f4994d5-c870-488f-b8ef-a3e474cd2c85', 1260, 42, 'ARMZ', 0.999888, 661, 899, 122, 40),
(125, '7f4994d5-c870-488f-b8ef-a3e474cd2c85', 1290, 43, 'Ready to start this new adventure,', 0.986105, 363, 743, 714, 63),
(126, '7f4994d5-c870-488f-b8ef-a3e474cd2c85', 1290, 43, 'wanted to say goodbye to the Juventus fans:', 0.920958, 266, 802, 921, 54),
(127, '7f4994d5-c870-488f-b8ef-a3e474cd2c85', 1290, 43, 'ARMZ', 0.999944, 663, 901, 120, 38),
(128, '7f4994d5-c870-488f-b8ef-a3e474cd2c85', 1320, 44, 'Thank you for your affection and for these years,', 0.822522, 226, 750, 1002, 56),
(129, '7f4994d5-c870-488f-b8ef-a3e474cd2c85', 1320, 44, 'will carry you in my heart and thanks to Juventus', 0.713592, 230, 801, 1008, 56),
(130, '7f4994d5-c870-488f-b8ef-a3e474cd2c85', 1320, 44, 'ARMZ', 0.999957, 661, 901, 122, 38),
(131, '7f4994d5-c870-488f-b8ef-a3e474cd2c85', 1350, 45, 'Thank you for your affection and for these years,', 0.738097, 226, 749, 1002, 57),
(132, '7f4994d5-c870-488f-b8ef-a3e474cd2c85', 1350, 45, 'will carry you in my heart and thanks to Juventus', 0.778144, 230, 801, 1008, 56),
(133, '7f4994d5-c870-488f-b8ef-a3e474cd2c85', 1350, 45, 'ARMZ', 0.949548, 660, 901, 124, 38),
(134, '7f4994d5-c870-488f-b8ef-a3e474cd2c85', 1380, 46, 'Thank you for your affection and for these years,', 0.97269, 226, 750, 1002, 56),
(135, '7f4994d5-c870-488f-b8ef-a3e474cd2c85', 1380, 46, 'will carry you in my heart and thanks to Juventus', 0.578481, 230, 801, 1008, 56),
(136, '7f4994d5-c870-488f-b8ef-a3e474cd2c85', 1380, 46, 'ARMZ', 0.999907, 661, 899, 122, 40),
(137, '7f4994d5-c870-488f-b8ef-a3e474cd2c85', 1410, 47, 'Thank you for your affection and for these years,', 0.788619, 226, 749, 1002, 57),
(138, '7f4994d5-c870-488f-b8ef-a3e474cd2c85', 1410, 47, 'will carry you in my heart and thanks to Juventus', 0.853561, 230, 801, 1008, 56);

-- --------------------------------------------------------

--
-- Table structure for table `words`
--

CREATE TABLE `words` (
  `id` int(11) NOT NULL,
  `segment_id` int(11) NOT NULL,
  `word` varchar(255) NOT NULL,
  `start_time` float NOT NULL,
  `end_time` float NOT NULL,
  `confidence` float DEFAULT NULL
) ENGINE=InnoDB DEFAULT CHARSET=utf8mb4 COLLATE=utf8mb4_general_ci;

--
-- Dumping data for table `words`
--

INSERT INTO `words` (`id`, `segment_id`, `word`, `start_time`, `end_time`, `confidence`) VALUES
(2524, 535, 'Keep', 0, 0.24, NULL),
(2525, 535, 'it', 0.24, 0.32, NULL),
(2526, 535, 'fair,', 0.32, 0.62, NULL),
(2527, 535, 'football', 0.96, 1.32, NULL),
(2528, 535, 'have', 1.32, 1.54, NULL),
(2529, 535, 'had', 1.54, 1.68, NULL),
(2530, 535, 'it!', 1.68, 1.9, NULL),
(2531, 536, 'Do', 2.2, 2.4, NULL),
(2532, 536, 'you', 2.4, 3.46, NULL),
(2533, 536, 'know', 3.46, 3.6, NULL),
(2534, 536, 'what?', 3.6, 3.88, NULL),
(2535, 536, 'That', 4.04, 4.18, NULL),
(2536, 536, 'is', 4.18, 4.36, NULL),
(2537, 536, 'a', 4.36, 4.52, NULL),
(2538, 536, 'good', 4.52, 5.38, NULL),
(2539, 536, 'question.', 5.38, 5.86, NULL),
(2540, 537, 'Play', 7.08, 7.34, NULL),
(2541, 537, 'it.', 7.34, 7.56, NULL),
(2542, 538, 'I\'m', 9.28, 9.42, NULL),
(2543, 538, 'making', 9.42, 9.68, NULL),
(2544, 538, 'towards', 9.68, 10, NULL),
(2545, 538, 'the', 10, 10.18, NULL),
(2546, 538, 'title', 10.18, 10.28, NULL),
(2547, 538, 'now.', 10.28, 10.56, NULL),
(2548, 539, 'Really?', 10.98, 11.42, NULL),
(2549, 540, 'The', 11.98, 12.12, NULL),
(2550, 540, 'game\'s', 12.12, 13.5, NULL),
(2551, 540, 'gone,', 13.5, 13.58, NULL),
(2552, 540, 'the', 13.66, 13.74, NULL),
(2553, 540, 'game\'s', 13.74, 14.04, NULL),
(2554, 540, 'gone.', 14.04, 14.22, NULL),
(2555, 541, 'The', 14.38, 14.46, NULL),
(2556, 541, 'game\'s', 14.46, 14.94, NULL),
(2557, 541, 'gone,', 14.94, 15.14, NULL),
(2558, 541, 'the', 15.18, 15.26, NULL),
(2559, 541, 'game\'s', 15.26, 15.54, NULL),
(2560, 541, 'gone.', 15.54, 15.72, NULL),
(2561, 542, 'Next', 19.32, 19.76, NULL),
(2562, 542, 'one,', 19.76, 20.2, NULL),
(2563, 542, 'what\'s', 20.4, 20.68, NULL),
(2564, 542, 'the', 20.68, 20.68, NULL),
(2565, 542, 'next', 20.68, 20.82, NULL),
(2566, 542, 'one?', 20.82, 20.98, NULL),
(2567, 543, 'Oh,', 21.48, 21.62, NULL),
(2568, 543, 'feet', 21.84, 21.92, NULL),
(2569, 543, 'moving.', 21.92, 22.1, NULL),
(2570, 544, 'The', 60, 61.16, NULL),
(2571, 544, 'game\'s', 61.16, 61.16, NULL),
(2572, 544, 'gone.', 61.16, 61.16, NULL),
(2573, 545, 'In', 0, 0.28, NULL),
(2574, 545, 'another', 0.28, 0.52, NULL),
(2575, 545, 'life,', 0.52, 0.98, NULL),
(2576, 545, 'this', 1.28, 3, NULL),
(2577, 545, 'may', 3, 3.2, NULL),
(2578, 545, 'have', 3.2, 3.36, NULL),
(2579, 545, 'been', 3.36, 3.46, NULL),
(2580, 545, 'different.', 3.46, 4, NULL),
(2581, 546, 'Breaking', 30, 30.34, NULL),
(2582, 546, 'transfer', 30.34, 30.82, NULL),
(2583, 546, 'news,', 30.82, 31.02, NULL),
(2584, 546, 'can', 31.1, 31.16, NULL),
(2585, 546, 'we', 31.16, 31.28, NULL),
(2586, 546, 'walk', 31.28, 31.44, NULL),
(2587, 546, 'you', 31.44, 31.6, NULL),
(2588, 546, 'to', 31.6, 31.74, NULL),
(2589, 546, 'Elord?', 31.74, 31.96, NULL),
(2590, 547, 'Yes,', 32.2, 32.4, NULL),
(2591, 547, 'we', 32.56, 32.56, NULL),
(2592, 547, 'will', 32.56, 32.82, NULL),
(2593, 547, 'have', 32.82, 33.16, NULL),
(2594, 547, 'now', 33.16, 33.62, NULL),
(2595, 547, 'a', 33.62, 34, NULL),
(2596, 547, 'greed', 34, 34.44, NULL),
(2597, 547, 'to', 34.44, 34.78, NULL),
(2598, 547, 'deal', 34.78, 34.98, NULL),
(2599, 547, 'with', 34.98, 35.14, NULL),
(2600, 547, 'the', 35.14, 35.26, NULL),
(2601, 547, 'events', 35.26, 35.5, NULL),
(2602, 547, 'to', 35.5, 36.04, NULL),
(2603, 547, 'sign', 36.04, 36.44, NULL),
(2604, 547, 'the', 36.44, 36.68, NULL),
(2605, 547, 'Greek', 36.68, 36.9, NULL),
(2606, 547, 'Oak,', 36.9, 37.28, NULL),
(2607, 547, 'Kieza.', 37.38, 37.94, NULL),
(2608, 548, 'Congratulations.', 39.7, 40.18, NULL),
(2609, 549, 'But', 40.96, 41.26, NULL),
(2610, 549, 'the', 41.26, 41.36, NULL),
(2611, 549, 'total', 41.36, 41.68, NULL),
(2612, 549, 'of', 41.68, 41.86, NULL),
(2613, 549, 'these', 41.86, 42.04, NULL),
(2614, 549, 'white', 42.04, 42.3, NULL),
(2615, 549, 'corners,', 42.3, 42.74, NULL),
(2616, 550, 'thank', 43.44, 43.76, NULL),
(2617, 550, 'you', 43.76, 43.84, NULL),
(2618, 550, 'very', 43.84, 43.96, NULL),
(2619, 550, 'much', 43.96, 44.22, NULL),
(2620, 550, 'for', 44.22, 44.8, NULL),
(2621, 550, 'these', 44.8, 45.16, NULL),
(2622, 550, 'years,', 45.16, 45.54, NULL),
(2623, 551, 'and', 45.7, 45.76, NULL),
(2624, 551, 'I', 45.76, 45.8, NULL),
(2625, 551, 'really', 45.8, 45.96, NULL),
(2626, 551, 'like', 45.96, 46.3, NULL),
(2627, 551, 'the', 46.3, 46.56, NULL),
(2628, 551, 'new', 46.56, 46.66, NULL),
(2629, 551, 'one,', 46.66, 46.96, NULL),
(2630, 551, 'thank', 46.96, 47.26, NULL),
(2631, 551, 'you', 47.26, 47.38, NULL),
(2632, 551, 'very', 47.38, 47.58, NULL),
(2633, 551, 'much.', 47.58, 47.64, NULL),
(2634, 552, 'للمشي', 0, 0.46, NULL),
(2635, 552, 'في', 0.46, 0.62, NULL),
(2636, 552, 'المشي', 0.62, 1.46, NULL),
(2637, 552, 'في', 1.46, 1.46, NULL),
(2638, 552, 'المشي', 1.46, 2.12, NULL),
(2639, 552, 'في', 2.12, 2.3, NULL),
(2640, 552, 'المشي', 2.3, 3.14, NULL),
(2641, 552, 'في', 3.14, 3.74, NULL),
(2642, 552, 'المشي', 3.74, 3.84, NULL),
(2643, 552, 'في', 3.84, 3.84, NULL),
(2644, 552, 'المشي', 3.84, 4.1, NULL),
(2645, 553, 'هترهو', 4.1, 4.76, NULL),
(2646, 553, 'دفوة', 4.76, 5.26, NULL),
(2647, 553, 'اني', 5.26, 5.48, NULL),
(2648, 553, 'مش', 5.48, 5.68, NULL),
(2649, 553, 'في', 5.68, 5.84, NULL),
(2650, 553, 'التويل', 5.84, 6.18, NULL),
(2651, 553, 'ولا', 6.18, 6.34, NULL),
(2652, 553, 'عالمي', 6.34, 7.06, NULL),
(2653, 554, 'يحافظة', 7.06, 7.64, NULL),
(2654, 554, 'لإمينه', 7.64, 8.36, NULL),
(2655, 555, 'ولي', 8.36, 8.74, NULL),
(2656, 555, 'دائر', 8.74, 9, NULL),
(2657, 555, 'عالمي', 9, 9.32, NULL),
(2658, 555, 'ساريش', 9.32, 9.6, NULL),
(2659, 555, 'دعم', 9.6, 9.8, NULL),
(2660, 555, 'عيشار', 9.8, 10.18, NULL),
(2661, 556, 'اخنا', 10.18, 10.56, NULL),
(2662, 556, 'تو', 10.56, 10.76, NULL),
(2663, 556, 'مشي', 10.76, 10.98, NULL),
(2664, 556, 'في', 10.98, 11.08, NULL),
(2665, 556, 'التويل', 11.08, 11.42, NULL),
(2666, 557, 'فحي', 12.12, 12.52, NULL),
(2667, 558, 'والذنه', 12.52, 13.12, NULL),
(2668, 558, 'وراءه', 13.12, 13.54, NULL),
(2669, 558, 'وريته', 13.54, 13.8, NULL),
(2670, 558, 'في', 13.8, 13.9, NULL),
(2671, 558, 'التويل', 13.9, 14.3, NULL),
(2672, 558, 'نفسه', 14.3, 15.1, NULL),
(2673, 558, 'عالمي', 15.1, 15.6, NULL),
(2674, 559, 'حمثة', 15.6, 16.18, NULL),
(2675, 559, 'فحي', 16.18, 16.64, NULL),
(2676, 560, 'تايته', 16.64, 17.06, NULL),
(2677, 560, 'ورمي', 17.06, 17.54, NULL),
(2678, 560, 'لدي', 17.54, 17.76, NULL),
(2679, 560, 'مراجع', 17.76, 18.12, NULL),
(2680, 560, 'القرس', 18.12, 18.6, NULL),
(2681, 562, 'لاتب', 30, 32.6, NULL),
(2682, 562, '對啊', 32.6, 34.24, NULL),
(2683, 568, 'How', 35.92, 35.92, NULL),
(2684, 568, 'do', 35.92, 47.92, NULL),
(2685, 568, 'I', 47.92, 47.92, NULL),
(2686, 568, 'look', 47.92, 47.92, NULL),
(2687, 568, '?THAT', 47.92, 50.04, NULL),
(2688, 569, 'good', 50.04, 50.04, NULL),
(2689, 569, 'و', 50.04, 51.7, NULL),
(2690, 569, 'URLs', 51.7, 51.7, NULL),
(2691, 570, 'proved', 51.7, 51.86, NULL),
(2692, 570, 'that', 51.86, 51.86, NULL),
(2693, 571, 'the', 51.86, 51.92, NULL),
(2694, 571, 'cookies', 51.92, 52.42, NULL),
(2695, 571, 'are', 52.42, 52.7, NULL),
(2696, 571, 'good', 52.7, 52.98, NULL),
(2697, 571, 'Fighterали', 52.98, 53.68, NULL),
(2698, 575, 'look?', 54.14, 54.46, NULL),
(2699, 576, 'كمي', 60.3, 61.02, NULL),
(2700, 576, 'تعم؟', 61.02, 61.74, NULL),
(2701, 577, 'روزي', 61.74, 62.14, NULL),
(2702, 578, 'روزي', 62.14, 62.84, NULL),
(2703, 579, 'روزي', 62.84, 62.92, NULL),
(2704, 579, 'من', 62.92, 63.14, NULL),
(2705, 579, 'دون', 63.14, 63.38, NULL),
(2706, 580, 'تحي', 64, 64.74, NULL),
(2707, 581, 'روزي', 64.74, 65.42, NULL),
(2708, 582, 'جي', 65.76, 66.12, NULL),
(2709, 582, 'مروزي', 66.12, 66.52, NULL),
(2710, 583, 'قل', 66.52, 66.72, NULL),
(2711, 583, 'خطل', 66.72, 67, NULL),
(2712, 583, 'لن', 67, 67.14, NULL),
(2713, 583, 'يحرق', 67.14, 67.54, NULL),
(2714, 583, 'عليك', 67.54, 67.76, NULL),
(2715, 583, 'تحطو', 67.76, 68.14, NULL),
(2716, 584, 'روزي', 68.14, 68.54, NULL),
(2717, 585, 'أرجع', 69.6, 70.32, NULL),
(2718, 585, 'شدسار', 70.32, 70.84, NULL),
(2719, 586, 'مش', 70.84, 71.06, NULL),
(2720, 586, 'تكون', 71.06, 71.26, NULL),
(2721, 586, 'ريالي', 71.26, 71.66, NULL),
(2722, 586, 'رو', 71.66, 71.78, NULL),
(2723, 587, 'مدخد', 71.78, 72.14, NULL),
(2724, 587, 'حد', 72.14, 72.46, NULL),
(2725, 587, 'يدوب', 72.46, 72.92, NULL),
(2726, 587, 'عليك', 72.92, 73.18, NULL),
(2727, 587, 'مغاة', 73.18, 73.6, NULL),
(2728, 588, 'سيناو', 73.6, 74.6, NULL),
(2729, 589, 'كان', 74.6, 74.82, NULL),
(2730, 589, 'سمح', 74.82, 75.16, NULL),
(2731, 589, 'لن', 75.16, 75.42, NULL),
(2732, 589, 'يبشن', 75.42, 75.66, NULL),
(2733, 589, 'حط', 75.66, 75.82, NULL),
(2734, 589, 'التروازي', 75.82, 76.4, NULL),
(2735, 590, 'نحط', 76.4, 77.02, NULL),
(2736, 590, 'التروازي', 77.02, 77.5, NULL),
(2737, 591, 'نحط', 77.5, 77.52, NULL),
(2738, 591, 'التروازي', 77.52, 77.52, NULL),
(2739, 592, 'ميكين', 77.52, 78.08, NULL),
(2740, 592, 'يشطق', 78.08, 78.34, NULL),
(2741, 592, 'لنشي', 78.34, 78.68, NULL),
(2742, 592, 'بدوزي', 78.68, 79.16, NULL),
(2743, 593, 'انتي', 79.76, 80.12, NULL),
(2744, 593, 'وسترانتي؟', 80.12, 81.24, NULL),
(2745, 594, 'المجبش', 81.82, 82.18, NULL),
(2746, 594, 'ارتي', 82.18, 82.42, NULL),
(2747, 594, 'هي', 82.42, 82.52, NULL),
(2748, 594, 'طوص', 82.52, 82.74, NULL),
(2749, 594, 'اللي', 82.74, 82.9, NULL),
(2750, 594, 'اربعين', 82.9, 83.24, NULL),
(2751, 594, 'روطا', 83.24, 83.52, NULL),
(2752, 595, 'وفتلتين', 83.52, 84.04, NULL),
(2753, 595, 'روزي', 84.04, 85.02, NULL),
(2754, 595, 'ميك', 85.02, 85.34, NULL),
(2755, 596, 'حط', 85.34, 86.18, NULL),
(2756, 596, 'التروازي', 86.18, 86.54, NULL),
(2757, 596, 'ميكين', 86.54, 87.7, NULL),
(2758, 597, 'حسي', 87.7, 88.44, NULL),
(2759, 598, 'حسي', 88.44, 88.88, NULL),
(2760, 599, 'تدخل', 91.28, 92.14, NULL),
(2761, 600, 'تستطيع', 92.14, 92.78, NULL),
(2762, 600, 'أن', 92.78, 92.84, NULL),
(2763, 600, 'يشتنعك', 92.84, 93.3, NULL),
(2764, 600, 'روزي', 93.3, 94.2, NULL),
(2765, 601, 'اي؟', 94.2, 94.94, NULL),
(2766, 602, 'مش', 94.94, 95.16, NULL),
(2767, 602, 'مجرمت', 95.16, 95.68, NULL),
(2768, 602, 'حد', 95.68, 95.88, NULL),
(2769, 602, 'نقص', 95.88, 96.48, NULL),
(2770, 603, 'كما', 97.13, 97.56, NULL),
(2771, 603, 'تعوش', 97.56, 98.28, NULL),
(2772, 603, 'ندراني', 98.28, 98.78, NULL),
(2773, 603, 'ميك', 98.78, 99, NULL),
(2774, 604, 'نقص', 99, 99.26, NULL),
(2775, 604, 'طاحت', 99.26, 99.52, NULL),
(2776, 604, 'يزيامة', 99.52, 100.16, NULL),
(2777, 605, 'نقص', 100.16, 100.58, NULL),
(2778, 605, 'طاحت', 100.58, 100.62, NULL),
(2779, 605, 'يزيامة', 100.62, 100.62, NULL),
(2780, 606, 'نقص', 100.62, 101.22, NULL),
(2781, 606, 'الحقد', 101.22, 101.56, NULL),
(2782, 606, 'دور', 101.56, 101.84, NULL),
(2783, 606, 'بطروازي', 101.84, 102.44, NULL),
(2784, 607, 'نظم', 102.44, 102.68, NULL),
(2785, 607, 'كدور', 102.68, 102.98, NULL),
(2786, 607, 'تعمل', 102.98, 103.26, NULL),
(2787, 607, 'يزيام', 103.26, 103.76, NULL),
(2788, 608, 'كيف', 103.76, 104.26, NULL),
(2789, 608, 'تأيك', 104.26, 104.46, NULL),
(2790, 608, 'طول', 104.46, 104.66, NULL),
(2791, 608, 'روطر', 104.66, 105.16, NULL),
(2792, 608, 'ميزر', 105.16, 105.46, NULL),
(2793, 608, 'شوية', 105.46, 105.78, NULL),
(2794, 609, 'انشي', 106.34, 107, NULL),
(2795, 609, 'يدوب', 107, 107.34, NULL),
(2796, 609, 'علينا', 107.34, 107.58, NULL),
(2797, 609, 'حد', 107.58, 107.84, NULL),
(2798, 609, 'مليمين', 107.84, 108.3, NULL),
(2799, 610, 'ولا', 108.3, 108.5, NULL),
(2800, 610, 'مطور', 108.5, 108.9, NULL),
(2801, 610, 'ولا', 108.9, 109.14, NULL),
(2802, 610, 'حد', 109.14, 109.42, NULL),
(2803, 611, 'تجي', 109.42, 109.9, NULL),
(2804, 611, 'ميكين', 109.9, 110.22, NULL),
(2805, 612, 'تجي', 110.22, 110.54, NULL),
(2806, 612, 'ميكين', 110.54, 111.22, NULL),
(2807, 613, 'حكم', 111.22, 111.88, NULL),
(2808, 613, 'سكراني', 111.88, 112.44, NULL),
(2809, 613, 'ومتعادة', 112.44, 113.82, NULL),
(2810, 614, 'وكي', 113.82, 114.16, NULL),
(2811, 614, 'يزيادت', 114.16, 114.5, NULL),
(2812, 614, 'حاجة', 114.5, 114.86, NULL),
(2813, 614, 'بشميك', 114.86, 115.44, NULL),
(2814, 615, 'حسي', 116.18, 116.86, NULL),
(2815, 616, 'تحييتك', 116.86, 118.08, NULL),
(2816, 617, 'نيقف', 118.08, 118.86, NULL),
(2817, 617, 'ضرص', 118.86, 119.12, NULL),
(2818, 617, 'منا', 119.12, 119.32, NULL),
(2819, 617, 'فراج', 119.32, 119.86, NULL),
(2820, 618, 'تقيب', 119.86, 120.88, NULL),
(2821, 618, 'يا', 120.88, 121, NULL),
(2822, 619, 'متخرج', 122.4, 123.08, NULL),
(2823, 619, 'لهن', 123.08, 123.36, NULL),
(2824, 620, 'إلا', 123.36, 123.56, NULL),
(2825, 620, 'متخرج', 123.56, 123.96, NULL),
(2826, 620, 'سارك', 123.96, 124.34, NULL),
(2827, 620, 'في', 124.34, 124.42, NULL),
(2828, 620, 'كل', 124.42, 124.6, NULL),
(2829, 620, 'عاليش', 124.6, 125.08, NULL),
(2830, 621, 'فترحنا', 125.08, 125.72, NULL),
(2831, 621, 'عادنا', 125.72, 125.98, NULL),
(2832, 621, 'فسك', 125.98, 126.28, NULL),
(2833, 621, 'مجي', 126.28, 126.6, NULL),
(2834, 622, 'كل', 126.6, 127.02, NULL),
(2835, 622, 'مدهي', 127.02, 127.4, NULL),
(2836, 622, 'ميزي', 127.4, 127.7, NULL),
(2837, 622, 'يستبعيدة', 127.7, 128.26, NULL),
(2838, 623, 'هكذا', 128.26, 128.44, NULL),
(2839, 623, 'وضغرج', 128.44, 128.82, NULL),
(2840, 623, 'أنها', 128.82, 129.02, NULL),
(2841, 623, 'محشش', 129.02, 129.42, NULL),
(2842, 623, 'بيلي', 129.42, 129.76, NULL),
(2843, 624, 'وإذا', 129.76, 130.24, NULL),
(2844, 624, 'زم', 130.24, 130.46, NULL),
(2845, 624, 'مرتعبك', 130.46, 130.86, NULL),
(2846, 624, 'أي', 130.86, 131, NULL),
(2847, 624, 'كاربا', 131, 131.32, NULL),
(2848, 624, 'ميهم', 131.32, 131.62, NULL),
(2849, 624, 'ميشي', 131.62, 131.9, NULL),
(2850, 625, 'لحن', 131.9, 132.18, NULL),
(2851, 625, 'يزم', 132.18, 132.4, NULL),
(2852, 626, 'هاي؟', 134.42, 135.1, NULL),
(2853, 627, 'هاي؟', 135.1, 135.8, NULL),
(2854, 627, 'قد', 135.8, 135.96, NULL),
(2855, 627, 'مشوية', 135.96, 136.32, NULL),
(2856, 628, 'تجيب', 136.32, 136.38, NULL),
(2857, 628, 'يا', 136.38, 136.38, NULL),
(2858, 628, 'تجيب', 136.38, 136.6, NULL),
(2859, 628, 'يا', 136.6, 137.02, NULL),
(2860, 628, 'تجيب', 137.02, 137.04, NULL),
(2861, 628, 'أكثر', 137.04, 137.32, NULL),
(2862, 628, 'كي', 137.32, 137.6, NULL),
(2863, 628, 'يز', 137.6, 137.9, NULL),
(2864, 629, 'تحييتك', 139.18, 139.64, NULL),
(2865, 630, 'تجيب', 140.1, 140.66, NULL),
(2866, 630, 'يا', 140.66, 140.82, NULL),
(2867, 630, 'أخش', 140.82, 141.26, NULL),
(2868, 631, 'هاي؟', 141.26, 141.72, NULL),
(2869, 632, 'هاي؟', 142.04, 142.5, NULL),
(2870, 633, 'تجيب', 142.5, 143.2, NULL),
(2871, 633, 'يا', 143.2, 143.84, NULL),
(2872, 633, 'مينا', 143.84, 144.08, NULL),
(2873, 634, 'هاي؟', 144.08, 145.2, NULL),
(2874, 635, 'هاي؟', 145.2, 146.68, NULL),
(2875, 636, 'هاي؟', 146.68, 147.46, NULL),
(2876, 637, 'ومتخرج', 147.46, 148.28, NULL),
(2877, 637, 'إلا', 148.28, 148.56, NULL),
(2878, 637, 'متفرر', 148.56, 149.12, NULL),
(2879, 637, 'غيساركي', 149.12, 149.82, NULL),
(2880, 637, 'كل', 149.82, 150.06, NULL),
(2881, 638, 'مكيش', 150.06, 150.96, NULL),
(2882, 638, 'مزروفة', 150.96, 151.66, NULL),
(2883, 639, 'وكيش', 151.66, 152.28, NULL),
(2884, 639, 'متحان', 152.28, 152.74, NULL),
(2885, 639, 'على', 152.74, 153.04, NULL),
(2886, 639, 'ذمت', 153.04, 153.58, NULL),
(2887, 640, 'مجمع', 153.58, 154.48, NULL),
(2888, 640, 'ليه', 154.48, 154.7, NULL),
(2889, 640, 'هو', 154.7, 154.78, NULL),
(2890, 640, 'فيه', 154.78, 155.08, NULL),
(2891, 640, 'نقوم', 155.08, 155.24, NULL),
(2892, 640, 'لنا', 155.24, 155.42, NULL),
(2893, 640, 'عطب', 155.42, 155.66, NULL),
(2894, 640, 'حاركة', 155.66, 156.02, NULL),
(2895, 640, 'جوالي', 156.02, 156.48, NULL),
(2896, 641, 'سينا', 156.48, 157.24, NULL),
(2897, 641, 'من', 157.24, 157.52, NULL),
(2898, 641, 'نخرج', 157.52, 157.92, NULL),
(2899, 641, 'إلا', 157.92, 158.14, NULL),
(2900, 641, 'مترح', 158.14, 158.54, NULL),
(2901, 641, 'كيز', 158.54, 159.04, NULL),
(2902, 642, 'كل', 159.04, 159.46, NULL),
(2903, 642, 'مدهي', 159.46, 160, NULL),
(2904, 642, 'ميزي', 160, 160.46, NULL),
(2905, 642, 'تبعيدة', 160.46, 160.98, NULL),
(2906, 643, 'تنخرج', 160.98, 161.46, NULL),
(2907, 643, 'إنا', 161.46, 161.6, NULL),
(2908, 643, 'قبل', 161.6, 161.84, NULL),
(2909, 643, 'هلي؟', 161.84, 162.32, NULL),
(2910, 644, 'كتريي', 162.32, 163.08, NULL),
(2911, 644, 'مي؟', 163.08, 163.8, NULL),
(2912, 645, 'كتريном', 165.6, 166.44, NULL),
(2913, 645, 'حقional', 166.44, 166.46, NULL),
(2914, 646, 'هعximنا', 166.46, 166.62, NULL),
(2915, 646, 'إط', 166.62, 166.94, NULL),
(2916, 646, 'hot', 166.94, 166.94, NULL),
(2917, 647, 'هنا', 166.94, 166.94, NULL),
(2918, 647, 'something', 166.94, 167.54, NULL),
(2919, 647, 'very', 167.54, 167.54, NULL),
(2920, 647, 'moving', 167.54, 167.66, NULL),
(2921, 648, 'هنا', 167.66, 168.74, NULL),
(2922, 648, 'سيستعمل', 168.74, 170.54, NULL),
(2923, 649, 'هنا', 170.54, 170.88, NULL),
(2924, 649, 'سنة', 170.88, 171.76, NULL),
(2925, 649, 'δجوي护ر', 171.76, 172.18, NULL),
(2926, 650, 'نسεί', 172.58, 172.84, NULL),
(2927, 650, 'هناك', 172.84, 174.64, NULL),
(2928, 650, 'عالي', 174.64, 174.92, NULL),
(2929, 651, 'مي', 174.92, 175.16, NULL),
(2930, 651, 'هناك', 175.16, 176.34, NULL),
(2931, 651, 'شبل', 176.34, 176.48, NULL),
(2932, 651, 'خراق', 176.48, 177, NULL),
(2933, 652, 'البرج', 177, 178.18, NULL),
(2934, 652, 'بيزي', 178.18, 178.6, NULL),
(2935, 653, 'وقف', 178.6, 179.48, NULL),
(2936, 653, 'رق', 179.48, 179.88, NULL),
(2937, 653, 'Wear', 179.88, 180.68, NULL),
(2938, 653, 'وقف', 180.68, 181.1, NULL),
(2939, 654, 'بيز', 181.1, 181.42, NULL),
(2940, 654, 'ميования', 181.42, 181.62, NULL),
(2941, 655, 'هما', 182.8, 183.64, NULL),
(2942, 655, 'يحتاج', 183.64, 183.64, NULL),
(2943, 655, 'إلى', 183.64, 184, NULL),
(2944, 656, 'الفرات', 184, 184.94, NULL),
(2945, 657, 'قضرتboarding', 184.94, 185.92, NULL),
(2946, 657, 'بك', 185.92, 186.36, NULL),
(2947, 657, 'famar', 186.36, 187.32, NULL),
(2948, 657, 'قالت', 187.32, 189.56, NULL),
(2949, 658, 'labour', 189.56, 189.56, NULL),
(2950, 658, 'هناك', 189.56, 189.62, NULL),
(2951, 658, 'إختار', 189.62, 190.3, NULL),
(2952, 659, 'تستطيع', 190.3, 190.54, NULL),
(2953, 660, 'أن', 190.54, 190.54, NULL),
(2954, 660, 'نرزي', 190.54, 190.7, NULL),
(2955, 661, 'أي', 190.7, 190.84, NULL),
(2956, 661, 'شيئ', 190.84, 191.24, NULL);

--
-- Indexes for dumped tables
--

--
-- Indexes for table `object_detections`
--
ALTER TABLE `object_detections`
  ADD PRIMARY KEY (`id`),
  ADD KEY `ix_object_detections_timestamp` (`timestamp`),
  ADD KEY `ix_object_detections_video_id` (`video_id`),
  ADD KEY `ix_object_detections_id` (`id`),
  ADD KEY `ix_object_detections_object_class` (`object_class`);

--
-- Indexes for table `search_history`
--
ALTER TABLE `search_history`
  ADD PRIMARY KEY (`id`),
  ADD KEY `ix_search_history_query` (`query`),
  ADD KEY `ix_search_history_video_id` (`video_id`),
  ADD KEY `ix_search_history_created_at` (`created_at`),
  ADD KEY `ix_search_history_id` (`id`);

--
-- Indexes for table `segments`
--
ALTER TABLE `segments`
  ADD PRIMARY KEY (`id`),
  ADD KEY `ix_segments_video_id` (`video_id`),
  ADD KEY `ix_segments_id` (`id`),
  ADD KEY `ix_segments_start_time` (`start_time`);

--
-- Indexes for table `videos`
--
ALTER TABLE `videos`
  ADD PRIMARY KEY (`id`),
  ADD UNIQUE KEY `ix_videos_video_id` (`video_id`),
  ADD KEY `ix_videos_created_at` (`created_at`),
  ADD KEY `ix_videos_id` (`id`);

--
-- Indexes for table `visual_texts`
--
ALTER TABLE `visual_texts`
  ADD PRIMARY KEY (`id`),
  ADD KEY `ix_visual_texts_video_id` (`video_id`),
  ADD KEY `ix_visual_texts_id` (`id`),
  ADD KEY `ix_visual_texts_text` (`text`),
  ADD KEY `ix_visual_texts_timestamp` (`timestamp`);

--
-- Indexes for table `words`
--
ALTER TABLE `words`
  ADD PRIMARY KEY (`id`),
  ADD KEY `ix_words_word` (`word`),
  ADD KEY `ix_words_segment_id` (`segment_id`),
  ADD KEY `ix_words_start_time` (`start_time`),
  ADD KEY `ix_words_id` (`id`);

--
-- AUTO_INCREMENT for dumped tables
--

--
-- AUTO_INCREMENT for table `object_detections`
--
ALTER TABLE `object_detections`
  MODIFY `id` int(11) NOT NULL AUTO_INCREMENT, AUTO_INCREMENT=1828;

--
-- AUTO_INCREMENT for table `search_history`
--
ALTER TABLE `search_history`
  MODIFY `id` int(11) NOT NULL AUTO_INCREMENT, AUTO_INCREMENT=127;

--
-- AUTO_INCREMENT for table `segments`
--
ALTER TABLE `segments`
  MODIFY `id` int(11) NOT NULL AUTO_INCREMENT, AUTO_INCREMENT=663;

--
-- AUTO_INCREMENT for table `videos`
--
ALTER TABLE `videos`
  MODIFY `id` int(11) NOT NULL AUTO_INCREMENT, AUTO_INCREMENT=19;

--
-- AUTO_INCREMENT for table `visual_texts`
--
ALTER TABLE `visual_texts`
  MODIFY `id` int(11) NOT NULL AUTO_INCREMENT, AUTO_INCREMENT=139;

--
-- AUTO_INCREMENT for table `words`
--
ALTER TABLE `words`
  MODIFY `id` int(11) NOT NULL AUTO_INCREMENT, AUTO_INCREMENT=2957;

--
-- Constraints for dumped tables
--

--
-- Constraints for table `object_detections`
--
ALTER TABLE `object_detections`
  ADD CONSTRAINT `object_detections_ibfk_1` FOREIGN KEY (`video_id`) REFERENCES `videos` (`video_id`);

--
-- Constraints for table `search_history`
--
ALTER TABLE `search_history`
  ADD CONSTRAINT `search_history_ibfk_1` FOREIGN KEY (`video_id`) REFERENCES `videos` (`video_id`);

--
-- Constraints for table `segments`
--
ALTER TABLE `segments`
  ADD CONSTRAINT `segments_ibfk_1` FOREIGN KEY (`video_id`) REFERENCES `videos` (`video_id`);

--
-- Constraints for table `visual_texts`
--
ALTER TABLE `visual_texts`
  ADD CONSTRAINT `visual_texts_ibfk_1` FOREIGN KEY (`video_id`) REFERENCES `videos` (`video_id`);

--
-- Constraints for table `words`
--
ALTER TABLE `words`
  ADD CONSTRAINT `words_ibfk_1` FOREIGN KEY (`segment_id`) REFERENCES `segments` (`id`);
COMMIT;

/*!40101 SET CHARACTER_SET_CLIENT=@OLD_CHARACTER_SET_CLIENT */;
/*!40101 SET CHARACTER_SET_RESULTS=@OLD_CHARACTER_SET_RESULTS */;
/*!40101 SET COLLATION_CONNECTION=@OLD_COLLATION_CONNECTION */;
